x,y,X,Y,r,g,b
11,6,11,6,15,183,154
139,7,139,7,15,183,154
78,8,78,8,15,183,154
60,11,60,11,15,183,154
62,11,62,11,15,183,154
63,11,63,11,15,183,154
64,11,64,11,15,183,154
65,11,65,11,15,183,154
67,11,67,11,15,183,154
72,11,72,11,15,183,154
51,12,51,12,15,183,154
53,12,53,12,15,183,154
54,12,54,12,15,183,154
56,12,56,12,15,183,154
57,12,57,12,15,183,154
58,12,58,12,15,183,154
59,12,59,12,15,183,154
60,12,60,12,15,183,154
61,12,61,12,15,183,154
62,12,62,12,15,183,154
66,12,66,12,15,183,154
52,13,52,13,15,183,154
53,13,53,13,15,183,154
54,13,54,13,15,183,154
55,13,55,13,15,183,154
62,13,62,13,15,183,154
64,13,64,13,15,183,154
47,14,47,14,15,183,154
49,14,49,14,15,183,154
51,14,51,14,15,183,154
52,14,52,14,15,183,154
53,14,53,14,15,183,154
54,14,54,14,15,183,154
55,14,55,14,15,183,154
57,14,57,14,15,183,154
59,14,59,14,15,183,154
60,14,60,14,15,183,154
63,14,63,14,15,183,154
47,15,47,15,15,183,154
48,15,48,15,15,183,154
49,15,49,15,15,183,154
50,15,50,15,15,183,154
51,15,51,15,15,183,154
55,15,55,15,15,183,154
135,15,135,15,15,183,154
44,16,44,16,15,183,154
45,16,45,16,15,183,154
46,16,46,16,15,183,154
47,16,47,16,15,183,154
48,16,48,16,15,183,154
52,16,52,16,15,183,154
41,17,41,17,15,183,154
43,17,43,17,15,183,154
44,17,44,17,15,183,154
45,17,45,17,15,183,154
46,17,46,17,15,183,154
48,17,48,17,15,183,154
50,17,50,17,15,183,154
40,18,40,18,15,183,154
42,18,42,18,15,183,154
43,18,43,18,15,183,154
44,18,44,18,15,183,154
45,18,45,18,15,183,154
46,18,46,18,15,183,154
48,18,48,18,15,183,154
90,18,90,18,15,183,154
91,18,91,18,15,183,154
38,19,38,19,15,183,154
40,19,40,19,15,183,154
41,19,41,19,15,183,154
42,19,42,19,15,183,154
43,19,43,19,15,183,154
46,19,46,19,15,183,154
87,19,87,19,15,183,154
89,19,89,19,15,183,154
90,19,90,19,15,183,154
91,19,91,19,15,183,154
92,19,92,19,15,183,154
36,20,36,20,15,183,154
38,20,38,20,15,183,154
39,20,39,20,15,183,154
40,20,40,20,15,183,154
44,20,44,20,15,183,154
87,20,87,20,15,183,154
88,20,88,20,15,183,154
89,20,89,20,15,183,154
90,20,90,20,15,183,154
91,20,91,20,15,183,154
92,20,92,20,15,183,154
93,20,93,20,15,183,154
94,20,94,20,15,183,154
34,21,34,21,15,183,154
36,21,36,21,15,183,154
37,21,37,21,15,183,154
38,21,38,21,15,183,154
39,21,39,21,15,183,154
41,21,41,21,15,183,154
42,21,42,21,15,183,154
74,21,74,21,15,183,154
85,21,85,21,15,183,154
86,21,86,21,15,183,154
87,21,87,21,15,183,154
91,21,91,21,15,183,154
92,21,92,21,15,183,154
93,21,93,21,15,183,154
94,21,94,21,15,183,154
95,21,95,21,15,183,154
35,22,35,22,15,183,154
37,22,37,22,15,183,154
38,22,38,22,15,183,154
39,22,39,22,15,183,154
71,22,71,22,15,183,154
72,22,72,22,15,183,154
73,22,73,22,15,183,154
74,22,74,22,15,183,154
75,22,75,22,15,183,154
85,22,85,22,15,183,154
86,22,86,22,15,183,154
87,22,87,22,15,183,154
89,22,89,22,15,183,154
91,22,91,22,15,183,154
92,22,92,22,15,183,154
93,22,93,22,15,183,154
94,22,94,22,15,183,154
95,22,95,22,15,183,154
96,22,96,22,15,183,154
32,23,32,23,15,183,154
34,23,34,23,15,183,154
35,23,35,23,15,183,154
36,23,36,23,15,183,154
37,23,37,23,15,183,154
38,23,38,23,15,183,154
39,23,39,23,15,183,154
41,23,41,23,15,183,154
71,23,71,23,15,183,154
72,23,72,23,15,183,154
73,23,73,23,15,183,154
74,23,74,23,15,183,154
75,23,75,23,15,183,154
76,23,76,23,15,183,154
84,23,84,23,15,183,154
85,23,85,23,15,183,154
86,23,86,23,15,183,154
88,23,88,23,15,183,154
90,23,90,23,15,183,154
92,23,92,23,15,183,154
93,23,93,23,15,183,154
94,23,94,23,15,183,154
95,23,95,23,15,183,154
96,23,96,23,15,183,154
97,23,97,23,15,183,154
98,23,98,23,15,183,154
33,24,33,24,15,183,154
34,24,34,24,15,183,154
35,24,35,24,15,183,154
36,24,36,24,15,183,154
37,24,37,24,15,183,154
38,24,38,24,15,183,154
68,24,68,24,15,183,154
69,24,69,24,15,183,154
70,24,70,24,15,183,154
71,24,71,24,15,183,154
72,24,72,24,15,183,154
73,24,73,24,15,183,154
74,24,74,24,15,183,154
75,24,75,24,15,183,154
76,24,76,24,15,183,154
77,24,77,24,15,183,154
84,24,84,24,15,183,154
85,24,85,24,15,183,154
86,24,86,24,15,183,154
89,24,89,24,15,183,154
94,24,94,24,15,183,154
95,24,95,24,15,183,154
96,24,96,24,15,183,154
97,24,97,24,15,183,154
98,24,98,24,15,183,154
99,24,99,24,15,183,154
31,25,31,25,15,183,154
32,25,32,25,15,183,154
33,25,33,25,15,183,154
34,25,34,25,15,183,154
35,25,35,25,15,183,154
36,25,36,25,15,183,154
38,25,38,25,15,183,154
68,25,68,25,15,183,154
69,25,69,25,15,183,154
70,25,70,25,15,183,154
71,25,71,25,15,183,154
72,25,72,25,15,183,154
77,25,77,25,15,183,154
78,25,78,25,15,183,154
83,25,83,25,15,183,154
84,25,84,25,15,183,154
85,25,85,25,15,183,154
87,25,87,25,15,183,154
88,25,88,25,15,183,154
90,25,90,25,15,183,154
91,25,91,25,15,183,154
93,25,93,25,15,183,154
95,25,95,25,15,183,154
96,25,96,25,15,183,154
97,25,97,25,15,183,154
98,25,98,25,15,183,154
99,25,99,25,15,183,154
101,25,101,25,15,183,154
29,26,29,26,15,183,154
31,26,31,26,15,183,154
32,26,32,26,15,183,154
33,26,33,26,15,183,154
34,26,34,26,15,183,154
35,26,35,26,15,183,154
36,26,36,26,15,183,154
68,26,68,26,15,183,154
69,26,69,26,15,183,154
70,26,70,26,15,183,154
71,26,71,26,15,183,154
72,26,72,26,15,183,154
74,26,74,26,15,183,154
76,26,76,26,15,183,154
78,26,78,26,15,183,154
79,26,79,26,15,183,154
84,26,84,26,15,183,154
85,26,85,26,15,183,154
87,26,87,26,15,183,154
88,26,88,26,15,183,154
89,26,89,26,15,183,154
90,26,90,26,15,183,154
91,26,91,26,15,183,154
94,26,94,26,15,183,154
96,26,96,26,15,183,154
97,26,97,26,15,183,154
98,26,98,26,15,183,154
99,26,99,26,15,183,154
100,26,100,26,15,183,154
29,27,29,27,15,183,154
30,27,30,27,15,183,154
31,27,31,27,15,183,154
32,27,32,27,15,183,154
33,27,33,27,15,183,154
34,27,34,27,15,183,154
37,27,37,27,15,183,154
66,27,66,27,15,183,154
67,27,67,27,15,183,154
68,27,68,27,15,183,154
69,27,69,27,15,183,154
70,27,70,27,15,183,154
71,27,71,27,15,183,154
72,27,72,27,15,183,154
74,27,74,27,15,183,154
77,27,77,27,15,183,154
82,27,82,27,15,183,154
83,27,83,27,15,183,154
85,27,85,27,15,183,154
87,27,87,27,15,183,154
88,27,88,27,15,183,154
89,27,89,27,15,183,154
90,27,90,27,15,183,154
92,27,92,27,15,183,154
95,27,95,27,15,183,154
97,27,97,27,15,183,154
98,27,98,27,15,183,154
99,27,99,27,15,183,154
100,27,100,27,15,183,154
101,27,101,27,15,183,154
102,27,102,27,15,183,154
26,28,26,28,15,183,154
28,28,28,28,15,183,154
29,28,29,28,15,183,154
30,28,30,28,15,183,154
31,28,31,28,15,183,154
32,28,32,28,15,183,154
33,28,33,28,15,183,154
34,28,34,28,15,183,154
36,28,36,28,15,183,154
66,28,66,28,15,183,154
67,28,67,28,15,183,154
68,28,68,28,15,183,154
69,28,69,28,15,183,154
70,28,70,28,15,183,154
71,28,71,28,15,183,154
73,28,73,28,15,183,154
75,28,75,28,15,183,154
77,28,77,28,15,183,154
79,28,79,28,15,183,154
81,28,81,28,15,183,154
82,28,82,28,15,183,154
84,28,84,28,15,183,154
86,28,86,28,15,183,154
88,28,88,28,15,183,154
91,28,91,28,15,183,154
93,28,93,28,15,183,154
96,28,96,28,15,183,154
98,28,98,28,15,183,154
99,28,99,28,15,183,154
100,28,100,28,15,183,154
101,28,101,28,15,183,154
102,28,102,28,15,183,154
103,28,103,28,15,183,154
27,29,27,29,15,183,154
28,29,28,29,15,183,154
29,29,29,29,15,183,154
30,29,30,29,15,183,154
31,29,31,29,15,183,154
32,29,32,29,15,183,154
34,29,34,29,15,183,154
66,29,66,29,15,183,154
67,29,67,29,15,183,154
68,29,68,29,15,183,154
69,29,69,29,15,183,154
70,29,70,29,15,183,154
74,29,74,29,15,183,154
77,29,77,29,15,183,154
82,29,82,29,15,183,154
85,29,85,29,15,183,154
88,29,88,29,15,183,154
90,29,90,29,15,183,154
94,29,94,29,15,183,154
97,29,97,29,15,183,154
99,29,99,29,15,183,154
100,29,100,29,15,183,154
101,29,101,29,15,183,154
102,29,102,29,15,183,154
103,29,103,29,15,183,154
105,29,105,29,15,183,154
137,29,137,29,15,183,154
26,30,26,30,15,183,154
27,30,27,30,15,183,154
28,30,28,30,15,183,154
29,30,29,30,15,183,154
30,30,30,30,15,183,154
31,30,31,30,15,183,154
32,30,32,30,15,183,154
34,30,34,30,15,183,154
66,30,66,30,15,183,154
67,30,67,30,15,183,154
68,30,68,30,15,183,154
69,30,69,30,15,183,154
70,30,70,30,15,183,154
72,30,72,30,15,183,154
74,30,74,30,15,183,154
76,30,76,30,15,183,154
79,30,79,30,15,183,154
81,30,81,30,15,183,154
82,30,82,30,15,183,154
86,30,86,30,15,183,154
91,30,91,30,15,183,154
93,30,93,30,15,183,154
95,30,95,30,15,183,154
98,30,98,30,15,183,154
99,30,99,30,15,183,154
100,30,100,30,15,183,154
101,30,101,30,15,183,154
102,30,102,30,15,183,154
103,30,103,30,15,183,154
104,30,104,30,15,183,154
25,31,25,31,15,183,154
26,31,26,31,15,183,154
27,31,27,31,15,183,154
28,31,28,31,15,183,154
29,31,29,31,15,183,154
30,31,30,31,15,183,154
31,31,31,31,15,183,154
32,31,32,31,15,183,154
66,31,66,31,15,183,154
67,31,67,31,15,183,154
68,31,68,31,15,183,154
69,31,69,31,15,183,154
70,31,70,31,15,183,154
72,31,72,31,15,183,154
74,31,74,31,15,183,154
77,31,77,31,15,183,154
80,31,80,31,15,183,154
83,31,83,31,15,183,154
84,31,84,31,15,183,154
85,31,85,31,15,183,154
86,31,86,31,15,183,154
87,31,87,31,15,183,154
88,31,88,31,15,183,154
92,31,92,31,15,183,154
94,31,94,31,15,183,154
96,31,96,31,15,183,154
99,31,99,31,15,183,154
100,31,100,31,15,183,154
101,31,101,31,15,183,154
102,31,102,31,15,183,154
103,31,103,31,15,183,154
104,31,104,31,15,183,154
105,31,105,31,15,183,154
24,32,24,32,15,183,154
25,32,25,32,15,183,154
26,32,26,32,15,183,154
27,32,27,32,15,183,154
28,32,28,32,15,183,154
29,32,29,32,15,183,154
30,32,30,32,15,183,154
31,32,31,32,15,183,154
33,32,33,32,15,183,154
63,32,63,32,15,183,154
67,32,67,32,15,183,154
68,32,68,32,15,183,154
71,32,71,32,15,183,154
74,32,74,32,15,183,154
76,32,76,32,15,183,154
78,32,78,32,15,183,154
81,32,81,32,15,183,154
84,32,84,32,15,183,154
85,32,85,32,15,183,154
86,32,86,32,15,183,154
87,32,87,32,15,183,154
89,32,89,32,15,183,154
90,32,90,32,15,183,154
91,32,91,32,15,183,154
96,32,96,32,15,183,154
98,32,98,32,15,183,154
100,32,100,32,15,183,154
101,32,101,32,15,183,154
102,32,102,32,15,183,154
103,32,103,32,15,183,154
104,32,104,32,15,183,154
105,32,105,32,15,183,154
106,32,106,32,15,183,154
110,32,110,32,15,183,154
111,32,111,32,15,183,154
113,32,113,32,15,183,154
24,33,24,33,15,183,154
25,33,25,33,15,183,154
26,33,26,33,15,183,154
27,33,27,33,15,183,154
28,33,28,33,15,183,154
29,33,29,33,15,183,154
30,33,30,33,15,183,154
31,33,31,33,15,183,154
62,33,62,33,15,183,154
63,33,63,33,15,183,154
67,33,67,33,15,183,154
68,33,68,33,15,183,154
72,33,72,33,15,183,154
74,33,74,33,15,183,154
76,33,76,33,15,183,154
77,33,77,33,15,183,154
78,33,78,33,15,183,154
79,33,79,33,15,183,154
80,33,80,33,15,183,154
81,33,81,33,15,183,154
82,33,82,33,15,183,154
83,33,83,33,15,183,154
84,33,84,33,15,183,154
86,33,86,33,15,183,154
87,33,87,33,15,183,154
88,33,88,33,15,183,154
89,33,89,33,15,183,154
90,33,90,33,15,183,154
91,33,91,33,15,183,154
92,33,92,33,15,183,154
94,33,94,33,15,183,154
97,33,97,33,15,183,154
100,33,100,33,15,183,154
101,33,101,33,15,183,154
102,33,102,33,15,183,154
103,33,103,33,15,183,154
104,33,104,33,15,183,154
105,33,105,33,15,183,154
106,33,106,33,15,183,154
110,33,110,33,15,183,154
111,33,111,33,15,183,154
112,33,112,33,15,183,154
114,33,114,33,15,183,154
23,34,23,34,15,183,154
24,34,24,34,15,183,154
25,34,25,34,15,183,154
26,34,26,34,15,183,154
27,34,27,34,15,183,154
28,34,28,34,15,183,154
29,34,29,34,15,183,154
30,34,30,34,15,183,154
31,34,31,34,15,183,154
61,34,61,34,15,183,154
62,34,62,34,15,183,154
63,34,63,34,15,183,154
65,34,65,34,15,183,154
67,34,67,34,15,183,154
68,34,68,34,15,183,154
70,34,70,34,15,183,154
72,34,72,34,15,183,154
74,34,74,34,15,183,154
75,34,75,34,15,183,154
77,34,77,34,15,183,154
79,34,79,34,15,183,154
81,34,81,34,15,183,154
82,34,82,34,15,183,154
83,34,83,34,15,183,154
85,34,85,34,15,183,154
86,34,86,34,15,183,154
87,34,87,34,15,183,154
88,34,88,34,15,183,154
89,34,89,34,15,183,154
91,34,91,34,15,183,154
92,34,92,34,15,183,154
93,34,93,34,15,183,154
94,34,94,34,15,183,154
96,34,96,34,15,183,154
98,34,98,34,15,183,154
102,34,102,34,15,183,154
103,34,103,34,15,183,154
104,34,104,34,15,183,154
105,34,105,34,15,183,154
106,34,106,34,15,183,154
111,34,111,34,15,183,154
112,34,112,34,15,183,154
113,34,113,34,15,183,154
115,34,115,34,15,183,154
150,34,150,34,15,183,154
22,35,22,35,15,183,154
24,35,24,35,15,183,154
25,35,25,35,15,183,154
26,35,26,35,15,183,154
27,35,27,35,15,183,154
28,35,28,35,15,183,154
29,35,29,35,15,183,154
30,35,30,35,15,183,154
62,35,62,35,15,183,154
64,35,64,35,15,183,154
68,35,68,35,15,183,154
70,35,70,35,15,183,154
72,35,72,35,15,183,154
74,35,74,35,15,183,154
76,35,76,35,15,183,154
77,35,77,35,15,183,154
79,35,79,35,15,183,154
81,35,81,35,15,183,154
82,35,82,35,15,183,154
83,35,83,35,15,183,154
84,35,84,35,15,183,154
85,35,85,35,15,183,154
86,35,86,35,15,183,154
87,35,87,35,15,183,154
89,35,89,35,15,183,154
90,35,90,35,15,183,154
91,35,91,35,15,183,154
92,35,92,35,15,183,154
93,35,93,35,15,183,154
94,35,94,35,15,183,154
98,35,98,35,15,183,154
100,35,100,35,15,183,154
102,35,102,35,15,183,154
103,35,103,35,15,183,154
104,35,104,35,15,183,154
105,35,105,35,15,183,154
106,35,106,35,15,183,154
107,35,107,35,15,183,154
109,35,109,35,15,183,154
111,35,111,35,15,183,154
112,35,112,35,15,183,154
113,35,113,35,15,183,154
114,35,114,35,15,183,154
150,35,150,35,15,183,154
21,36,21,36,15,183,154
23,36,23,36,15,183,154
24,36,24,36,15,183,154
25,36,25,36,15,183,154
26,36,26,36,15,183,154
27,36,27,36,15,183,154
28,36,28,36,15,183,154
29,36,29,36,15,183,154
31,36,31,36,15,183,154
60,36,60,36,15,183,154
61,36,61,36,15,183,154
62,36,62,36,15,183,154
67,36,67,36,15,183,154
68,36,68,36,15,183,154
69,36,69,36,15,183,154
75,36,75,36,15,183,154
78,36,78,36,15,183,154
79,36,79,36,15,183,154
80,36,80,36,15,183,154
83,36,83,36,15,183,154
85,36,85,36,15,183,154
86,36,86,36,15,183,154
87,36,87,36,15,183,154
88,36,88,36,15,183,154
89,36,89,36,15,183,154
91,36,91,36,15,183,154
93,36,93,36,15,183,154
94,36,94,36,15,183,154
95,36,95,36,15,183,154
99,36,99,36,15,183,154
101,36,101,36,15,183,154
103,36,103,36,15,183,154
104,36,104,36,15,183,154
105,36,105,36,15,183,154
106,36,106,36,15,183,154
107,36,107,36,15,183,154
111,36,111,36,15,183,154
112,36,112,36,15,183,154
113,36,113,36,15,183,154
114,36,114,36,15,183,154
115,36,115,36,15,183,154
148,36,148,36,15,183,154
149,36,149,36,15,183,154
150,36,150,36,15,183,154
151,36,151,36,15,183,154
21,37,21,37,15,183,154
22,37,22,37,15,183,154
23,37,23,37,15,183,154
24,37,24,37,15,183,154
25,37,25,37,15,183,154
26,37,26,37,15,183,154
27,37,27,37,15,183,154
28,37,28,37,15,183,154
30,37,30,37,15,183,154
60,37,60,37,15,183,154
61,37,61,37,15,183,154
62,37,62,37,15,183,154
64,37,64,37,15,183,154
68,37,68,37,15,183,154
69,37,69,37,15,183,154
70,37,70,37,15,183,154
72,37,72,37,15,183,154
74,37,74,37,15,183,154
76,37,76,37,15,183,154
77,37,77,37,15,183,154
79,37,79,37,15,183,154
81,37,81,37,15,183,154
82,37,82,37,15,183,154
83,37,83,37,15,183,154
84,37,84,37,15,183,154
86,37,86,37,15,183,154
87,37,87,37,15,183,154
89,37,89,37,15,183,154
90,37,90,37,15,183,154
92,37,92,37,15,183,154
94,37,94,37,15,183,154
95,37,95,37,15,183,154
96,37,96,37,15,183,154
98,37,98,37,15,183,154
102,37,102,37,15,183,154
103,37,103,37,15,183,154
104,37,104,37,15,183,154
105,37,105,37,15,183,154
106,37,106,37,15,183,154
107,37,107,37,15,183,154
108,37,108,37,15,183,154
110,37,110,37,15,183,154
111,37,111,37,15,183,154
112,37,112,37,15,183,154
113,37,113,37,15,183,154
114,37,114,37,15,183,154
115,37,115,37,15,183,154
148,37,148,37,15,183,154
149,37,149,37,15,183,154
150,37,150,37,15,183,154
151,37,151,37,15,183,154
153,37,153,37,15,183,154
21,38,21,38,15,183,154
22,38,22,38,15,183,154
23,38,23,38,15,183,154
24,38,24,38,15,183,154
25,38,25,38,15,183,154
26,38,26,38,15,183,154
27,38,27,38,15,183,154
28,38,28,38,15,183,154
60,38,60,38,15,183,154
61,38,61,38,15,183,154
62,38,62,38,15,183,154
63,38,63,38,15,183,154
65,38,65,38,15,183,154
68,38,68,38,15,183,154
69,38,69,38,15,183,154
70,38,70,38,15,183,154
72,38,72,38,15,183,154
74,38,74,38,15,183,154
76,38,76,38,15,183,154
78,38,78,38,15,183,154
79,38,79,38,15,183,154
81,38,81,38,15,183,154
82,38,82,38,15,183,154
83,38,83,38,15,183,154
84,38,84,38,15,183,154
85,38,85,38,15,183,154
87,38,87,38,15,183,154
89,38,89,38,15,183,154
90,38,90,38,15,183,154
92,38,92,38,15,183,154
93,38,93,38,15,183,154
96,38,96,38,15,183,154
99,38,99,38,15,183,154
101,38,101,38,15,183,154
103,38,103,38,15,183,154
104,38,104,38,15,183,154
105,38,105,38,15,183,154
106,38,106,38,15,183,154
107,38,107,38,15,183,154
108,38,108,38,15,183,154
110,38,110,38,15,183,154
112,38,112,38,15,183,154
113,38,113,38,15,183,154
114,38,114,38,15,183,154
115,38,115,38,15,183,154
117,38,117,38,15,183,154
149,38,149,38,15,183,154
150,38,150,38,15,183,154
151,38,151,38,15,183,154
20,39,20,39,15,183,154
21,39,21,39,15,183,154
22,39,22,39,15,183,154
23,39,23,39,15,183,154
24,39,24,39,15,183,154
25,39,25,39,15,183,154
26,39,26,39,15,183,154
27,39,27,39,15,183,154
29,39,29,39,15,183,154
59,39,59,39,15,183,154
60,39,60,39,15,183,154
61,39,61,39,15,183,154
62,39,62,39,15,183,154
63,39,63,39,15,183,154
66,39,66,39,15,183,154
70,39,70,39,15,183,154
72,39,72,39,15,183,154
74,39,74,39,15,183,154
75,39,75,39,15,183,154
77,39,77,39,15,183,154
78,39,78,39,15,183,154
80,39,80,39,15,183,154
82,39,82,39,15,183,154
83,39,83,39,15,183,154
85,39,85,39,15,183,154
86,39,86,39,15,183,154
87,39,87,39,15,183,154
88,39,88,39,15,183,154
89,39,89,39,15,183,154
90,39,90,39,15,183,154
91,39,91,39,15,183,154
92,39,92,39,15,183,154
93,39,93,39,15,183,154
94,39,94,39,15,183,154
96,39,96,39,15,183,154
97,39,97,39,15,183,154
103,39,103,39,15,183,154
104,39,104,39,15,183,154
105,39,105,39,15,183,154
106,39,106,39,15,183,154
107,39,107,39,15,183,154
108,39,108,39,15,183,154
109,39,109,39,15,183,154
111,39,111,39,15,183,154
112,39,112,39,15,183,154
113,39,113,39,15,183,154
114,39,114,39,15,183,154
115,39,115,39,15,183,154
116,39,116,39,15,183,154
118,39,118,39,15,183,154
148,39,148,39,15,183,154
149,39,149,39,15,183,154
150,39,150,39,15,183,154
151,39,151,39,15,183,154
152,39,152,39,15,183,154
153,39,153,39,15,183,154
154,39,154,39,15,183,154
156,39,156,39,15,183,154
18,40,18,40,15,183,154
20,40,20,40,15,183,154
21,40,21,40,15,183,154
22,40,22,40,15,183,154
23,40,23,40,15,183,154
24,40,24,40,15,183,154
25,40,25,40,15,183,154
26,40,26,40,15,183,154
27,40,27,40,15,183,154
59,40,59,40,15,183,154
60,40,60,40,15,183,154
61,40,61,40,15,183,154
62,40,62,40,15,183,154
63,40,63,40,15,183,154
65,40,65,40,15,183,154
71,40,71,40,15,183,154
75,40,75,40,15,183,154
76,40,76,40,15,183,154
79,40,79,40,15,183,154
81,40,81,40,15,183,154
82,40,82,40,15,183,154
86,40,86,40,15,183,154
87,40,87,40,15,183,154
89,40,89,40,15,183,154
90,40,90,40,15,183,154
94,40,94,40,15,183,154
97,40,97,40,15,183,154
99,40,99,40,15,183,154
102,40,102,40,15,183,154
104,40,104,40,15,183,154
105,40,105,40,15,183,154
106,40,106,40,15,183,154
107,40,107,40,15,183,154
108,40,108,40,15,183,154
109,40,109,40,15,183,154
110,40,110,40,15,183,154
112,40,112,40,15,183,154
113,40,113,40,15,183,154
114,40,114,40,15,183,154
115,40,115,40,15,183,154
116,40,116,40,15,183,154
117,40,117,40,15,183,154
144,40,144,40,15,183,154
146,40,146,40,15,183,154
147,40,147,40,15,183,154
148,40,148,40,15,183,154
149,40,149,40,15,183,154
150,40,150,40,15,183,154
151,40,151,40,15,183,154
152,40,152,40,15,183,154
153,40,153,40,15,183,154
154,40,154,40,15,183,154
155,40,155,40,15,183,154
157,40,157,40,15,183,154
17,41,17,41,15,183,154
19,41,19,41,15,183,154
20,41,20,41,15,183,154
21,41,21,41,15,183,154
22,41,22,41,15,183,154
23,41,23,41,15,183,154
24,41,24,41,15,183,154
25,41,25,41,15,183,154
26,41,26,41,15,183,154
58,41,58,41,15,183,154
59,41,59,41,15,183,154
60,41,60,41,15,183,154
61,41,61,41,15,183,154
62,41,62,41,15,183,154
63,41,63,41,15,183,154
66,41,66,41,15,183,154
71,41,71,41,15,183,154
73,41,73,41,15,183,154
75,41,75,41,15,183,154
77,41,77,41,15,183,154
78,41,78,41,15,183,154
80,41,80,41,15,183,154
82,41,82,41,15,183,154
83,41,83,41,15,183,154
85,41,85,41,15,183,154
86,41,86,41,15,183,154
87,41,87,41,15,183,154
89,41,89,41,15,183,154
91,41,91,41,15,183,154
95,41,95,41,15,183,154
101,41,101,41,15,183,154
104,41,104,41,15,183,154
105,41,105,41,15,183,154
106,41,106,41,15,183,154
107,41,107,41,15,183,154
108,41,108,41,15,183,154
109,41,109,41,15,183,154
110,41,110,41,15,183,154
112,41,112,41,15,183,154
113,41,113,41,15,183,154
114,41,114,41,15,183,154
115,41,115,41,15,183,154
116,41,116,41,15,183,154
117,41,117,41,15,183,154
118,41,118,41,15,183,154
144,41,144,41,15,183,154
145,41,145,41,15,183,154
146,41,146,41,15,183,154
147,41,147,41,15,183,154
148,41,148,41,15,183,154
149,41,149,41,15,183,154
150,41,150,41,15,183,154
151,41,151,41,15,183,154
152,41,152,41,15,183,154
153,41,153,41,15,183,154
154,41,154,41,15,183,154
15,42,15,42,15,183,154
17,42,17,42,15,183,154
19,42,19,42,15,183,154
20,42,20,42,15,183,154
21,42,21,42,15,183,154
22,42,22,42,15,183,154
23,42,23,42,15,183,154
24,42,24,42,15,183,154
25,42,25,42,15,183,154
26,42,26,42,15,183,154
58,42,58,42,15,183,154
59,42,59,42,15,183,154
60,42,60,42,15,183,154
61,42,61,42,15,183,154
62,42,62,42,15,183,154
63,42,63,42,15,183,154
65,42,65,42,15,183,154
71,42,71,42,15,183,154
73,42,73,42,15,183,154
75,42,75,42,15,183,154
78,42,78,42,15,183,154
80,42,80,42,15,183,154
81,42,81,42,15,183,154
82,42,82,42,15,183,154
83,42,83,42,15,183,154
84,42,84,42,15,183,154
86,42,86,42,15,183,154
87,42,87,42,15,183,154
89,42,89,42,15,183,154
92,42,92,42,15,183,154
94,42,94,42,15,183,154
97,42,97,42,15,183,154
99,42,99,42,15,183,154
102,42,102,42,15,183,154
104,42,104,42,15,183,154
105,42,105,42,15,183,154
106,42,106,42,15,183,154
107,42,107,42,15,183,154
108,42,108,42,15,183,154
109,42,109,42,15,183,154
110,42,110,42,15,183,154
112,42,112,42,15,183,154
113,42,113,42,15,183,154
114,42,114,42,15,183,154
115,42,115,42,15,183,154
116,42,116,42,15,183,154
117,42,117,42,15,183,154
118,42,118,42,15,183,154
145,42,145,42,15,183,154
146,42,146,42,15,183,154
147,42,147,42,15,183,154
148,42,148,42,15,183,154
149,42,149,42,15,183,154
150,42,150,42,15,183,154
151,42,151,42,15,183,154
152,42,152,42,15,183,154
153,42,153,42,15,183,154
154,42,154,42,15,183,154
156,42,156,42,15,183,154
17,43,17,43,15,183,154
18,43,18,43,15,183,154
19,43,19,43,15,183,154
20,43,20,43,15,183,154
21,43,21,43,15,183,154
22,43,22,43,15,183,154
23,43,23,43,15,183,154
24,43,24,43,15,183,154
25,43,25,43,15,183,154
26,43,26,43,15,183,154
56,43,56,43,15,183,154
58,43,58,43,15,183,154
59,43,59,43,15,183,154
60,43,60,43,15,183,154
61,43,61,43,15,183,154
62,43,62,43,15,183,154
63,43,63,43,15,183,154
68,43,68,43,15,183,154
70,43,70,43,15,183,154
74,43,74,43,15,183,154
76,43,76,43,15,183,154
79,43,79,43,15,183,154
81,43,81,43,15,183,154
84,43,84,43,15,183,154
85,43,85,43,15,183,154
86,43,86,43,15,183,154
88,43,88,43,15,183,154
90,43,90,43,15,183,154
92,43,92,43,15,183,154
93,43,93,43,15,183,154
94,43,94,43,15,183,154
95,43,95,43,15,183,154
96,43,96,43,15,183,154
100,43,100,43,15,183,154
106,43,106,43,15,183,154
107,43,107,43,15,183,154
108,43,108,43,15,183,154
109,43,109,43,15,183,154
110,43,110,43,15,183,154
112,43,112,43,15,183,154
114,43,114,43,15,183,154
115,43,115,43,15,183,154
116,43,116,43,15,183,154
117,43,117,43,15,183,154
118,43,118,43,15,183,154
119,43,119,43,15,183,154
147,43,147,43,15,183,154
148,43,148,43,15,183,154
149,43,149,43,15,183,154
150,43,150,43,15,183,154
151,43,151,43,15,183,154
152,43,152,43,15,183,154
153,43,153,43,15,183,154
154,43,154,43,15,183,154
15,44,15,44,15,183,154
17,44,17,44,15,183,154
18,44,18,44,15,183,154
19,44,19,44,15,183,154
20,44,20,44,15,183,154
21,44,21,44,15,183,154
22,44,22,44,15,183,154
23,44,23,44,15,183,154
24,44,24,44,15,183,154
25,44,25,44,15,183,154
26,44,26,44,15,183,154
57,44,57,44,15,183,154
58,44,58,44,15,183,154
59,44,59,44,15,183,154
60,44,60,44,15,183,154
61,44,61,44,15,183,154
62,44,62,44,15,183,154
64,44,64,44,15,183,154
68,44,68,44,15,183,154
69,44,69,44,15,183,154
70,44,70,44,15,183,154
71,44,71,44,15,183,154
72,44,72,44,15,183,154
74,44,74,44,15,183,154
77,44,77,44,15,183,154
79,44,79,44,15,183,154
80,44,80,44,15,183,154
81,44,81,44,15,183,154
83,44,83,44,15,183,154
85,44,85,44,15,183,154
86,44,86,44,15,183,154
87,44,87,44,15,183,154
96,44,96,44,15,183,154
97,44,97,44,15,183,154
98,44,98,44,15,183,154
99,44,99,44,15,183,154
101,44,101,44,15,183,154
102,44,102,44,15,183,154
106,44,106,44,15,183,154
107,44,107,44,15,183,154
108,44,108,44,15,183,154
109,44,109,44,15,183,154
110,44,110,44,15,183,154
112,44,112,44,15,183,154
115,44,115,44,15,183,154
116,44,116,44,15,183,154
117,44,117,44,15,183,154
118,44,118,44,15,183,154
119,44,119,44,15,183,154
146,44,146,44,15,183,154
147,44,147,44,15,183,154
148,44,148,44,15,183,154
149,44,149,44,15,183,154
150,44,150,44,15,183,154
151,44,151,44,15,183,154
152,44,152,44,15,183,154
153,44,153,44,15,183,154
154,44,154,44,15,183,154
17,45,17,45,15,183,154
18,45,18,45,15,183,154
19,45,19,45,15,183,154
20,45,20,45,15,183,154
21,45,21,45,15,183,154
22,45,22,45,15,183,154
23,45,23,45,15,183,154
24,45,24,45,15,183,154
26,45,26,45,15,183,154
57,45,57,45,15,183,154
58,45,58,45,15,183,154
59,45,59,45,15,183,154
60,45,60,45,15,183,154
61,45,61,45,15,183,154
62,45,62,45,15,183,154
64,45,64,45,15,183,154
70,45,70,45,15,183,154
73,45,73,45,15,183,154
75,45,75,45,15,183,154
77,45,77,45,15,183,154
79,45,79,45,15,183,154
81,45,81,45,15,183,154
82,45,82,45,15,183,154
83,45,83,45,15,183,154
85,45,85,45,15,183,154
87,45,87,45,15,183,154
89,45,89,45,15,183,154
95,45,95,45,15,183,154
97,45,97,45,15,183,154
101,45,101,45,15,183,154
104,45,104,45,15,183,154
106,45,106,45,15,183,154
107,45,107,45,15,183,154
108,45,108,45,15,183,154
109,45,109,45,15,183,154
110,45,110,45,15,183,154
112,45,112,45,15,183,154
114,45,114,45,15,183,154
115,45,115,45,15,183,154
116,45,116,45,15,183,154
117,45,117,45,15,183,154
118,45,118,45,15,183,154
119,45,119,45,15,183,154
147,45,147,45,15,183,154
148,45,148,45,15,183,154
149,45,149,45,15,183,154
151,45,151,45,15,183,154
152,45,152,45,15,183,154
153,45,153,45,15,183,154
154,45,154,45,15,183,154
15,46,15,46,15,183,154
17,46,17,46,15,183,154
18,46,18,46,15,183,154
19,46,19,46,15,183,154
20,46,20,46,15,183,154
21,46,21,46,15,183,154
22,46,22,46,15,183,154
23,46,23,46,15,183,154
24,46,24,46,15,183,154
26,46,26,46,15,183,154
57,46,57,46,15,183,154
58,46,58,46,15,183,154
59,46,59,46,15,183,154
60,46,60,46,15,183,154
61,46,61,46,15,183,154
62,46,62,46,15,183,154
64,46,64,46,15,183,154
66,46,66,46,15,183,154
71,46,71,46,15,183,154
74,46,74,46,15,183,154
76,46,76,46,15,183,154
79,46,79,46,15,183,154
81,46,81,46,15,183,154
83,46,83,46,15,183,154
84,46,84,46,15,183,154
88,46,88,46,15,183,154
90,46,90,46,15,183,154
92,46,92,46,15,183,154
94,46,94,46,15,183,154
95,46,95,46,15,183,154
98,46,98,46,15,183,154
100,46,100,46,15,183,154
101,46,101,46,15,183,154
102,46,102,46,15,183,154
106,46,106,46,15,183,154
107,46,107,46,15,183,154
108,46,108,46,15,183,154
109,46,109,46,15,183,154
110,46,110,46,15,183,154
112,46,112,46,15,183,154
115,46,115,46,15,183,154
116,46,116,46,15,183,154
117,46,117,46,15,183,154
118,46,118,46,15,183,154
119,46,119,46,15,183,154
145,46,145,46,15,183,154
147,46,147,46,15,183,154
148,46,148,46,15,183,154
149,46,149,46,15,183,154
151,46,151,46,15,183,154
152,46,152,46,15,183,154
153,46,153,46,15,183,154
154,46,154,46,15,183,154
16,47,16,47,15,183,154
17,47,17,47,15,183,154
18,47,18,47,15,183,154
19,47,19,47,15,183,154
20,47,20,47,15,183,154
21,47,21,47,15,183,154
22,47,22,47,15,183,154
23,47,23,47,15,183,154
24,47,24,47,15,183,154
56,47,56,47,15,183,154
57,47,57,47,15,183,154
58,47,58,47,15,183,154
59,47,59,47,15,183,154
60,47,60,47,15,183,154
61,47,61,47,15,183,154
62,47,62,47,15,183,154
66,47,66,47,15,183,154
68,47,68,47,15,183,154
72,47,72,47,15,183,154
75,47,75,47,15,183,154
80,47,80,47,15,183,154
86,47,86,47,15,183,154
89,47,89,47,15,183,154
93,47,93,47,15,183,154
96,47,96,47,15,183,154
99,47,99,47,15,183,154
102,47,102,47,15,183,154
107,47,107,47,15,183,154
108,47,108,47,15,183,154
109,47,109,47,15,183,154
110,47,110,47,15,183,154
113,47,113,47,15,183,154
116,47,116,47,15,183,154
117,47,117,47,15,183,154
118,47,118,47,15,183,154
119,47,119,47,15,183,154
120,47,120,47,15,183,154
146,47,146,47,15,183,154
147,47,147,47,15,183,154
154,47,154,47,15,183,154
14,48,14,48,15,183,154
16,48,16,48,15,183,154
17,48,17,48,15,183,154
18,48,18,48,15,183,154
19,48,19,48,15,183,154
20,48,20,48,15,183,154
21,48,21,48,15,183,154
22,48,22,48,15,183,154
23,48,23,48,15,183,154
24,48,24,48,15,183,154
25,48,25,48,15,183,154
56,48,56,48,15,183,154
57,48,57,48,15,183,154
58,48,58,48,15,183,154
59,48,59,48,15,183,154
60,48,60,48,15,183,154
61,48,61,48,15,183,154
62,48,62,48,15,183,154
70,48,70,48,15,183,154
72,48,72,48,15,183,154
75,48,75,48,15,183,154
78,48,78,48,15,183,154
80,48,80,48,15,183,154
83,48,83,48,15,183,154
86,48,86,48,15,183,154
88,48,88,48,15,183,154
91,48,91,48,15,183,154
94,48,94,48,15,183,154
97,48,97,48,15,183,154
99,48,99,48,15,183,154
103,48,103,48,15,183,154
105,48,105,48,15,183,154
107,48,107,48,15,183,154
108,48,108,48,15,183,154
109,48,109,48,15,183,154
110,48,110,48,15,183,154
111,48,111,48,15,183,154
114,48,114,48,15,183,154
116,48,116,48,15,183,154
117,48,117,48,15,183,154
118,48,118,48,15,183,154
119,48,119,48,15,183,154
120,48,120,48,15,183,154
148,48,148,48,15,183,154
150,48,150,48,15,183,154
154,48,154,48,15,183,154
15,49,15,49,15,183,154
16,49,16,49,15,183,154
17,49,17,49,15,183,154
18,49,18,49,15,183,154
19,49,19,49,15,183,154
20,49,20,49,15,183,154
21,49,21,49,15,183,154
22,49,22,49,15,183,154
23,49,23,49,15,183,154
24,49,24,49,15,183,154
26,49,26,49,15,183,154
56,49,56,49,15,183,154
57,49,57,49,15,183,154
58,49,58,49,15,183,154
59,49,59,49,15,183,154
60,49,60,49,15,183,154
61,49,61,49,15,183,154
62,49,62,49,15,183,154
66,49,66,49,15,183,154
68,49,68,49,15,183,154
69,49,69,49,15,183,154
71,49,71,49,15,183,154
73,49,73,49,15,183,154
74,49,74,49,15,183,154
80,49,80,49,15,183,154
82,49,82,49,15,183,154
84,49,84,49,15,183,154
87,49,87,49,15,183,154
90,49,90,49,15,183,154
92,49,92,49,15,183,154
101,49,101,49,15,183,154
106,49,106,49,15,183,154
107,49,107,49,15,183,154
108,49,108,49,15,183,154
109,49,109,49,15,183,154
110,49,110,49,15,183,154
111,49,111,49,15,183,154
113,49,113,49,15,183,154
115,49,115,49,15,183,154
117,49,117,49,15,183,154
118,49,118,49,15,183,154
119,49,119,49,15,183,154
120,49,120,49,15,183,154
13,50,13,50,15,183,154
15,50,15,50,15,183,154
16,50,16,50,15,183,154
17,50,17,50,15,183,154
18,50,18,50,15,183,154
19,50,19,50,15,183,154
20,50,20,50,15,183,154
21,50,21,50,15,183,154
22,50,22,50,15,183,154
23,50,23,50,15,183,154
25,50,25,50,15,183,154
55,50,55,50,15,183,154
56,50,56,50,15,183,154
57,50,57,50,15,183,154
58,50,58,50,15,183,154
59,50,59,50,15,183,154
60,50,60,50,15,183,154
61,50,61,50,15,183,154
62,50,62,50,15,183,154
66,50,66,50,15,183,154
67,50,67,50,15,183,154
68,50,68,50,15,183,154
71,50,71,50,15,183,154
73,50,73,50,15,183,154
76,50,76,50,15,183,154
77,50,77,50,15,183,154
79,50,79,50,15,183,154
82,50,82,50,15,183,154
85,50,85,50,15,183,154
86,50,86,50,15,183,154
89,50,89,50,15,183,154
91,50,91,50,15,183,154
96,50,96,50,15,183,154
98,50,98,50,15,183,154
103,50,103,50,15,183,154
107,50,107,50,15,183,154
108,50,108,50,15,183,154
109,50,109,50,15,183,154
110,50,110,50,15,183,154
111,50,111,50,15,183,154
114,50,114,50,15,183,154
116,50,116,50,15,183,154
117,50,117,50,15,183,154
118,50,118,50,15,183,154
119,50,119,50,15,183,154
120,50,120,50,15,183,154
125,50,125,50,15,183,154
14,51,14,51,15,183,154
15,51,15,51,15,183,154
16,51,16,51,15,183,154
17,51,17,51,15,183,154
18,51,18,51,15,183,154
19,51,19,51,15,183,154
20,51,20,51,15,183,154
21,51,21,51,15,183,154
22,51,22,51,15,183,154
23,51,23,51,15,183,154
55,51,55,51,15,183,154
56,51,56,51,15,183,154
57,51,57,51,15,183,154
58,51,58,51,15,183,154
59,51,59,51,15,183,154
60,51,60,51,15,183,154
61,51,61,51,15,183,154
63,51,63,51,15,183,154
68,51,68,51,15,183,154
69,51,69,51,15,183,154
77,51,77,51,15,183,154
82,51,82,51,15,183,154
88,51,88,51,15,183,154
90,51,90,51,15,183,154
105,51,105,51,15,183,154
107,51,107,51,15,183,154
108,51,108,51,15,183,154
109,51,109,51,15,183,154
110,51,110,51,15,183,154
111,51,111,51,15,183,154
113,51,113,51,15,183,154
117,51,117,51,15,183,154
118,51,118,51,15,183,154
119,51,119,51,15,183,154
120,51,120,51,15,183,154
121,51,121,51,15,183,154
126,51,126,51,15,183,154
14,52,14,52,15,183,154
15,52,15,52,15,183,154
16,52,16,52,15,183,154
17,52,17,52,15,183,154
18,52,18,52,15,183,154
19,52,19,52,15,183,154
20,52,20,52,15,183,154
21,52,21,52,15,183,154
22,52,22,52,15,183,154
23,52,23,52,15,183,154
56,52,56,52,15,183,154
57,52,57,52,15,183,154
58,52,58,52,15,183,154
59,52,59,52,15,183,154
60,52,60,52,15,183,154
61,52,61,52,15,183,154
64,52,64,52,15,183,154
65,52,65,52,15,183,154
66,52,66,52,15,183,154
69,52,69,52,15,183,154
74,52,74,52,15,183,154
78,52,78,52,15,183,154
81,52,81,52,15,183,154
84,52,84,52,15,183,154
86,52,86,52,15,183,154
91,52,91,52,15,183,154
93,52,93,52,15,183,154
115,52,115,52,15,183,154
117,52,117,52,15,183,154
118,52,118,52,15,183,154
119,52,119,52,15,183,154
120,52,120,52,15,183,154
121,52,121,52,15,183,154
122,52,122,52,15,183,154
126,52,126,52,15,183,154
13,53,13,53,15,183,154
14,53,14,53,15,183,154
15,53,15,53,15,183,154
16,53,16,53,15,183,154
17,53,17,53,15,183,154
18,53,18,53,15,183,154
19,53,19,53,15,183,154
20,53,20,53,15,183,154
21,53,21,53,15,183,154
22,53,22,53,15,183,154
23,53,23,53,15,183,154
55,53,55,53,15,183,154
56,53,56,53,15,183,154
57,53,57,53,15,183,154
58,53,58,53,15,183,154
59,53,59,53,15,183,154
60,53,60,53,15,183,154
61,53,61,53,15,183,154
63,53,63,53,15,183,154
65,53,65,53,15,183,154
67,53,67,53,15,183,154
71,53,71,53,15,183,154
77,53,77,53,15,183,154
82,53,82,53,15,183,154
84,53,84,53,15,183,154
88,53,88,53,15,183,154
90,53,90,53,15,183,154
94,53,94,53,15,183,154
111,53,111,53,15,183,154
113,53,113,53,15,183,154
117,53,117,53,15,183,154
118,53,118,53,15,183,154
119,53,119,53,15,183,154
120,53,120,53,15,183,154
121,53,121,53,15,183,154
126,53,126,53,15,183,154
13,54,13,54,15,183,154
14,54,14,54,15,183,154
15,54,15,54,15,183,154
16,54,16,54,15,183,154
17,54,17,54,15,183,154
18,54,18,54,15,183,154
19,54,19,54,15,183,154
20,54,20,54,15,183,154
21,54,21,54,15,183,154
22,54,22,54,15,183,154
23,54,23,54,15,183,154
55,54,55,54,15,183,154
56,54,56,54,15,183,154
57,54,57,54,15,183,154
58,54,58,54,15,183,154
59,54,59,54,15,183,154
60,54,60,54,15,183,154
62,54,62,54,15,183,154
64,54,64,54,15,183,154
79,54,79,54,15,183,154
81,54,81,54,15,183,154
88,54,88,54,15,183,154
90,54,90,54,15,183,154
95,54,95,54,15,183,154
97,54,97,54,15,183,154
110,54,110,54,15,183,154
111,54,111,54,15,183,154
115,54,115,54,15,183,154
117,54,117,54,15,183,154
118,54,118,54,15,183,154
119,54,119,54,15,183,154
120,54,120,54,15,183,154
121,54,121,54,15,183,154
127,54,127,54,15,183,154
11,55,11,55,15,183,154
13,55,13,55,15,183,154
14,55,14,55,15,183,154
15,55,15,55,15,183,154
16,55,16,55,15,183,154
17,55,17,55,15,183,154
18,55,18,55,15,183,154
19,55,19,55,15,183,154
20,55,20,55,15,183,154
21,55,21,55,15,183,154
22,55,22,55,15,183,154
23,55,23,55,15,183,154
54,55,54,55,15,183,154
55,55,55,55,15,183,154
56,55,56,55,15,183,154
57,55,57,55,15,183,154
58,55,58,55,15,183,154
59,55,59,55,15,183,154
60,55,60,55,15,183,154
61,55,61,55,15,183,154
63,55,63,55,15,183,154
66,55,66,55,15,183,154
82,55,82,55,15,183,154
84,55,84,55,15,183,154
85,55,85,55,15,183,154
87,55,87,55,15,183,154
91,55,91,55,15,183,154
92,55,92,55,15,183,154
93,55,93,55,15,183,154
94,55,94,55,15,183,154
95,55,95,55,15,183,154
96,55,96,55,15,183,154
110,55,110,55,15,183,154
111,55,111,55,15,183,154
112,55,112,55,15,183,154
12,56,12,56,15,183,154
14,56,14,56,15,183,154
15,56,15,56,15,183,154
16,56,16,56,15,183,154
17,56,17,56,15,183,154
18,56,18,56,15,183,154
19,56,19,56,15,183,154
20,56,20,56,15,183,154
21,56,21,56,15,183,154
22,56,22,56,15,183,154
54,56,54,56,15,183,154
55,56,55,56,15,183,154
56,56,56,56,15,183,154
57,56,57,56,15,183,154
58,56,58,56,15,183,154
59,56,59,56,15,183,154
62,56,62,56,15,183,154
64,56,64,56,15,183,154
71,56,71,56,15,183,154
80,56,80,56,15,183,154
83,56,83,56,15,183,154
85,56,85,56,15,183,154
88,56,88,56,15,183,154
90,56,90,56,15,183,154
92,56,92,56,15,183,154
93,56,93,56,15,183,154
94,56,94,56,15,183,154
95,56,95,56,15,183,154
96,56,96,56,15,183,154
107,56,107,56,15,183,154
109,56,109,56,15,183,154
110,56,110,56,15,183,154
111,56,111,56,15,183,154
112,56,112,56,15,183,154
113,56,113,56,15,183,154
115,56,115,56,15,183,154
117,56,117,56,15,183,154
118,56,118,56,15,183,154
120,56,120,56,15,183,154
9,57,9,57,15,183,154
12,57,12,57,15,183,154
13,57,13,57,15,183,154
14,57,14,57,15,183,154
15,57,15,57,15,183,154
16,57,16,57,15,183,154
17,57,17,57,15,183,154
18,57,18,57,15,183,154
19,57,19,57,15,183,154
20,57,20,57,15,183,154
21,57,21,57,15,183,154
22,57,22,57,15,183,154
24,57,24,57,15,183,154
54,57,54,57,15,183,154
55,57,55,57,15,183,154
56,57,56,57,15,183,154
57,57,57,57,15,183,154
58,57,58,57,15,183,154
59,57,59,57,15,183,154
61,57,61,57,15,183,154
70,57,70,57,15,183,154
81,57,81,57,15,183,154
86,57,86,57,15,183,154
89,57,89,57,15,183,154
92,57,92,57,15,183,154
93,57,93,57,15,183,154
94,57,94,57,15,183,154
95,57,95,57,15,183,154
96,57,96,57,15,183,154
97,57,97,57,15,183,154
108,57,108,57,15,183,154
109,57,109,57,15,183,154
110,57,110,57,15,183,154
111,57,111,57,15,183,154
112,57,112,57,15,183,154
113,57,113,57,15,183,154
115,57,115,57,15,183,154
124,57,124,57,15,183,154
126,57,126,57,15,183,154
12,58,12,58,15,183,154
13,58,13,58,15,183,154
14,58,14,58,15,183,154
15,58,15,58,15,183,154
16,58,16,58,15,183,154
17,58,17,58,15,183,154
18,58,18,58,15,183,154
19,58,19,58,15,183,154
20,58,20,58,15,183,154
21,58,21,58,15,183,154
22,58,22,58,15,183,154
54,58,54,58,15,183,154
55,58,55,58,15,183,154
56,58,56,58,15,183,154
57,58,57,58,15,183,154
58,58,58,58,15,183,154
59,58,59,58,15,183,154
61,58,61,58,15,183,154
68,58,68,58,15,183,154
69,58,69,58,15,183,154
70,58,70,58,15,183,154
71,58,71,58,15,183,154
81,58,81,58,15,183,154
83,58,83,58,15,183,154
84,58,84,58,15,183,154
87,58,87,58,15,183,154
90,58,90,58,15,183,154
92,58,92,58,15,183,154
93,58,93,58,15,183,154
95,58,95,58,15,183,154
96,58,96,58,15,183,154
97,58,97,58,15,183,154
107,58,107,58,15,183,154
109,58,109,58,15,183,154
110,58,110,58,15,183,154
111,58,111,58,15,183,154
112,58,112,58,15,183,154
113,58,113,58,15,183,154
115,58,115,58,15,183,154
119,58,119,58,15,183,154
122,58,122,58,15,183,154
124,58,124,58,15,183,154
10,59,10,59,15,183,154
12,59,12,59,15,183,154
13,59,13,59,15,183,154
14,59,14,59,15,183,154
15,59,15,59,15,183,154
16,59,16,59,15,183,154
17,59,17,59,15,183,154
18,59,18,59,15,183,154
19,59,19,59,15,183,154
20,59,20,59,15,183,154
21,59,21,59,15,183,154
22,59,22,59,15,183,154
54,59,54,59,15,183,154
55,59,55,59,15,183,154
56,59,56,59,15,183,154
68,59,68,59,15,183,154
69,59,69,59,15,183,154
70,59,70,59,15,183,154
71,59,71,59,15,183,154
80,59,80,59,15,183,154
83,59,83,59,15,183,154
85,59,85,59,15,183,154
87,59,87,59,15,183,154
88,59,88,59,15,183,154
90,59,90,59,15,183,154
94,59,94,59,15,183,154
103,59,103,59,15,183,154
105,59,105,59,15,183,154
108,59,108,59,15,183,154
109,59,109,59,15,183,154
110,59,110,59,15,183,154
111,59,111,59,15,183,154
112,59,112,59,15,183,154
113,59,113,59,15,183,154
116,59,116,59,15,183,154
123,59,123,59,15,183,154
130,59,130,59,15,183,154
10,60,10,60,15,183,154
12,60,12,60,15,183,154
13,60,13,60,15,183,154
14,60,14,60,15,183,154
15,60,15,60,15,183,154
16,60,16,60,15,183,154
17,60,17,60,15,183,154
18,60,18,60,15,183,154
19,60,19,60,15,183,154
20,60,20,60,15,183,154
21,60,21,60,15,183,154
22,60,22,60,15,183,154
52,60,52,60,15,183,154
53,60,53,60,15,183,154
54,60,54,60,15,183,154
55,60,55,60,15,183,154
57,60,57,60,15,183,154
59,60,59,60,15,183,154
68,60,68,60,15,183,154
69,60,69,60,15,183,154
70,60,70,60,15,183,154
71,60,71,60,15,183,154
73,60,73,60,15,183,154
78,60,78,60,15,183,154
81,60,81,60,15,183,154
84,60,84,60,15,183,154
89,60,89,60,15,183,154
91,60,91,60,15,183,154
93,60,93,60,15,183,154
96,60,96,60,15,183,154
99,60,99,60,15,183,154
107,60,107,60,15,183,154
109,60,109,60,15,183,154
110,60,110,60,15,183,154
111,60,111,60,15,183,154
112,60,112,60,15,183,154
114,60,114,60,15,183,154
123,60,123,60,15,183,154
11,61,11,61,15,183,154
12,61,12,61,15,183,154
13,61,13,61,15,183,154
14,61,14,61,15,183,154
15,61,15,61,15,183,154
16,61,16,61,15,183,154
17,61,17,61,15,183,154
18,61,18,61,15,183,154
19,61,19,61,15,183,154
20,61,20,61,15,183,154
21,61,21,61,15,183,154
22,61,22,61,15,183,154
38,61,38,61,15,183,154
53,61,53,61,15,183,154
54,61,54,61,15,183,154
58,61,58,61,15,183,154
72,61,72,61,15,183,154
79,61,79,61,15,183,154
83,61,83,61,15,183,154
85,61,85,61,15,183,154
87,61,87,61,15,183,154
91,61,91,61,15,183,154
94,61,94,61,15,183,154
96,61,96,61,15,183,154
98,61,98,61,15,183,154
105,61,105,61,15,183,154
108,61,108,61,15,183,154
109,61,109,61,15,183,154
110,61,110,61,15,183,154
111,61,111,61,15,183,154
112,61,112,61,15,183,154
113,61,113,61,15,183,154
131,61,131,61,15,183,154
10,62,10,62,15,183,154
12,62,12,62,15,183,154
13,62,13,62,15,183,154
14,62,14,62,15,183,154
15,62,15,62,15,183,154
16,62,16,62,15,183,154
17,62,17,62,15,183,154
18,62,18,62,15,183,154
19,62,19,62,15,183,154
20,62,20,62,15,183,154
21,62,21,62,15,183,154
22,62,22,62,15,183,154
52,62,52,62,15,183,154
53,62,53,62,15,183,154
54,62,54,62,15,183,154
56,62,56,62,15,183,154
59,62,59,62,15,183,154
63,62,63,62,15,183,154
70,62,70,62,15,183,154
79,62,79,62,15,183,154
83,62,83,62,15,183,154
87,62,87,62,15,183,154
90,62,90,62,15,183,154
93,62,93,62,15,183,154
96,62,96,62,15,183,154
105,62,105,62,15,183,154
108,62,108,62,15,183,154
109,62,109,62,15,183,154
110,62,110,62,15,183,154
111,62,111,62,15,183,154
112,62,112,62,15,183,154
113,62,113,62,15,183,154
120,62,120,62,15,183,154
132,62,132,62,15,183,154
138,62,138,62,15,183,154
12,63,12,63,15,183,154
13,63,13,63,15,183,154
14,63,14,63,15,183,154
15,63,15,63,15,183,154
16,63,16,63,15,183,154
17,63,17,63,15,183,154
18,63,18,63,15,183,154
19,63,19,63,15,183,154
20,63,20,63,15,183,154
21,63,21,63,15,183,154
22,63,22,63,15,183,154
52,63,52,63,15,183,154
53,63,53,63,15,183,154
55,63,55,63,15,183,154
58,63,58,63,15,183,154
67,63,67,63,15,183,154
72,63,72,63,15,183,154
73,63,73,63,15,183,154
74,63,74,63,15,183,154
76,63,76,63,15,183,154
77,63,77,63,15,183,154
79,63,79,63,15,183,154
81,63,81,63,15,183,154
84,63,84,63,15,183,154
88,63,88,63,15,183,154
94,63,94,63,15,183,154
96,63,96,63,15,183,154
98,63,98,63,15,183,154
107,63,107,63,15,183,154
108,63,108,63,15,183,154
109,63,109,63,15,183,154
110,63,110,63,15,183,154
111,63,111,63,15,183,154
112,63,112,63,15,183,154
113,63,113,63,15,183,154
114,63,114,63,15,183,154
118,63,118,63,15,183,154
125,63,125,63,15,183,154
131,63,131,63,15,183,154
10,64,10,64,15,183,154
12,64,12,64,15,183,154
13,64,13,64,15,183,154
14,64,14,64,15,183,154
15,64,15,64,15,183,154
16,64,16,64,15,183,154
17,64,17,64,15,183,154
18,64,18,64,15,183,154
19,64,19,64,15,183,154
20,64,20,64,15,183,154
21,64,21,64,15,183,154
22,64,22,64,15,183,154
54,64,54,64,15,183,154
63,64,63,64,15,183,154
79,64,79,64,15,183,154
83,64,83,64,15,183,154
85,64,85,64,15,183,154
88,64,88,64,15,183,154
90,64,90,64,15,183,154
92,64,92,64,15,183,154
96,64,96,64,15,183,154
105,64,105,64,15,183,154
108,64,108,64,15,183,154
109,64,109,64,15,183,154
110,64,110,64,15,183,154
111,64,111,64,15,183,154
112,64,112,64,15,183,154
113,64,113,64,15,183,154
114,64,114,64,15,183,154
121,64,121,64,15,183,154
123,64,123,64,15,183,154
124,64,124,64,15,183,154
125,64,125,64,15,183,154
132,64,132,64,15,183,154
12,65,12,65,15,183,154
13,65,13,65,15,183,154
14,65,14,65,15,183,154
15,65,15,65,15,183,154
16,65,16,65,15,183,154
17,65,17,65,15,183,154
18,65,18,65,15,183,154
19,65,19,65,15,183,154
20,65,20,65,15,183,154
21,65,21,65,15,183,154
22,65,22,65,15,183,154
55,65,55,65,15,183,154
63,65,63,65,15,183,154
67,65,67,65,15,183,154
74,65,74,65,15,183,154
76,65,76,65,15,183,154
77,65,77,65,15,183,154
80,65,80,65,15,183,154
83,65,83,65,15,183,154
86,65,86,65,15,183,154
88,65,88,65,15,183,154
91,65,91,65,15,183,154
94,65,94,65,15,183,154
97,65,97,65,15,183,154
98,65,98,65,15,183,154
108,65,108,65,15,183,154
109,65,109,65,15,183,154
110,65,110,65,15,183,154
111,65,111,65,15,183,154
112,65,112,65,15,183,154
113,65,113,65,15,183,154
114,65,114,65,15,183,154
116,65,116,65,15,183,154
120,65,120,65,15,183,154
123,65,123,65,15,183,154
124,65,124,65,15,183,154
125,65,125,65,15,183,154
126,65,126,65,15,183,154
133,65,133,65,15,183,154
10,66,10,66,15,183,154
12,66,12,66,15,183,154
13,66,13,66,15,183,154
14,66,14,66,15,183,154
15,66,15,66,15,183,154
16,66,16,66,15,183,154
17,66,17,66,15,183,154
18,66,18,66,15,183,154
19,66,19,66,15,183,154
20,66,20,66,15,183,154
21,66,21,66,15,183,154
22,66,22,66,15,183,154
54,66,54,66,15,183,154
57,66,57,66,15,183,154
58,66,58,66,15,183,154
63,66,63,66,15,183,154
73,66,73,66,15,183,154
78,66,78,66,15,183,154
81,66,81,66,15,183,154
85,66,85,66,15,183,154
88,66,88,66,15,183,154
91,66,91,66,15,183,154
94,66,94,66,15,183,154
98,66,98,66,15,183,154
106,66,106,66,15,183,154
108,66,108,66,15,183,154
109,66,109,66,15,183,154
110,66,110,66,15,183,154
111,66,111,66,15,183,154
112,66,112,66,15,183,154
113,66,113,66,15,183,154
114,66,114,66,15,183,154
120,66,120,66,15,183,154
122,66,122,66,15,183,154
123,66,123,66,15,183,154
124,66,124,66,15,183,154
125,66,125,66,15,183,154
126,66,126,66,15,183,154
133,66,133,66,15,183,154
12,67,12,67,15,183,154
13,67,13,67,15,183,154
14,67,14,67,15,183,154
15,67,15,67,15,183,154
16,67,16,67,15,183,154
17,67,17,67,15,183,154
18,67,18,67,15,183,154
19,67,19,67,15,183,154
20,67,20,67,15,183,154
21,67,21,67,15,183,154
22,67,22,67,15,183,154
60,67,60,67,15,183,154
73,67,73,67,15,183,154
74,67,74,67,15,183,154
76,67,76,67,15,183,154
77,67,77,67,15,183,154
79,67,79,67,15,183,154
81,67,81,67,15,183,154
82,67,82,67,15,183,154
93,67,93,67,15,183,154
95,67,95,67,15,183,154
96,67,96,67,15,183,154
98,67,98,67,15,183,154
104,67,104,67,15,183,154
107,67,107,67,15,183,154
109,67,109,67,15,183,154
110,67,110,67,15,183,154
111,67,111,67,15,183,154
112,67,112,67,15,183,154
113,67,113,67,15,183,154
114,67,114,67,15,183,154
117,67,117,67,15,183,154
119,67,119,67,15,183,154
121,67,121,67,15,183,154
122,67,122,67,15,183,154
123,67,123,67,15,183,154
124,67,124,67,15,183,154
125,67,125,67,15,183,154
126,67,126,67,15,183,154
132,67,132,67,15,183,154
10,68,10,68,15,183,154
12,68,12,68,15,183,154
13,68,13,68,15,183,154
14,68,14,68,15,183,154
15,68,15,68,15,183,154
16,68,16,68,15,183,154
17,68,17,68,15,183,154
18,68,18,68,15,183,154
19,68,19,68,15,183,154
20,68,20,68,15,183,154
21,68,21,68,15,183,154
22,68,22,68,15,183,154
51,68,51,68,15,183,154
56,68,56,68,15,183,154
62,68,62,68,15,183,154
64,68,64,68,15,183,154
67,68,67,68,15,183,154
73,68,73,68,15,183,154
76,68,76,68,15,183,154
79,68,79,68,15,183,154
88,68,88,68,15,183,154
90,68,90,68,15,183,154
91,68,91,68,15,183,154
103,68,103,68,15,183,154
104,68,104,68,15,183,154
108,68,108,68,15,183,154
110,68,110,68,15,183,154
111,68,111,68,15,183,154
112,68,112,68,15,183,154
113,68,113,68,15,183,154
114,68,114,68,15,183,154
117,68,117,68,15,183,154
118,68,118,68,15,183,154
120,68,120,68,15,183,154
122,68,122,68,15,183,154
123,68,123,68,15,183,154
124,68,124,68,15,183,154
125,68,125,68,15,183,154
126,68,126,68,15,183,154
133,68,133,68,15,183,154
9,69,9,69,15,183,154
11,69,11,69,15,183,154
12,69,12,69,15,183,154
13,69,13,69,15,183,154
14,69,14,69,15,183,154
15,69,15,69,15,183,154
16,69,16,69,15,183,154
17,69,17,69,15,183,154
18,69,18,69,15,183,154
19,69,19,69,15,183,154
20,69,20,69,15,183,154
21,69,21,69,15,183,154
22,69,22,69,15,183,154
52,69,52,69,15,183,154
54,69,54,69,15,183,154
62,69,62,69,15,183,154
64,69,64,69,15,183,154
69,69,69,69,15,183,154
74,69,74,69,15,183,154
75,69,75,69,15,183,154
77,69,77,69,15,183,154
89,69,89,69,15,183,154
91,69,91,69,15,183,154
93,69,93,69,15,183,154
95,69,95,69,15,183,154
97,69,97,69,15,183,154
99,69,99,69,15,183,154
108,69,108,69,15,183,154
110,69,110,69,15,183,154
111,69,111,69,15,183,154
112,69,112,69,15,183,154
113,69,113,69,15,183,154
114,69,114,69,15,183,154
116,69,116,69,15,183,154
118,69,118,69,15,183,154
119,69,119,69,15,183,154
121,69,121,69,15,183,154
122,69,122,69,15,183,154
123,69,123,69,15,183,154
124,69,124,69,15,183,154
125,69,125,69,15,183,154
126,69,126,69,15,183,154
132,69,132,69,15,183,154
12,70,12,70,15,183,154
13,70,13,70,15,183,154
14,70,14,70,15,183,154
15,70,15,70,15,183,154
16,70,16,70,15,183,154
17,70,17,70,15,183,154
18,70,18,70,15,183,154
19,70,19,70,15,183,154
20,70,20,70,15,183,154
21,70,21,70,15,183,154
22,70,22,70,15,183,154
52,70,52,70,15,183,154
57,70,57,70,15,183,154
60,70,60,70,15,183,154
63,70,63,70,15,183,154
65,70,65,70,15,183,154
67,70,67,70,15,183,154
74,70,74,70,15,183,154
75,70,75,70,15,183,154
79,70,79,70,15,183,154
80,70,80,70,15,183,154
89,70,89,70,15,183,154
90,70,90,70,15,183,154
93,70,93,70,15,183,154
97,70,97,70,15,183,154
99,70,99,70,15,183,154
101,70,101,70,15,183,154
103,70,103,70,15,183,154
106,70,106,70,15,183,154
109,70,109,70,15,183,154
110,70,110,70,15,183,154
111,70,111,70,15,183,154
112,70,112,70,15,183,154
113,70,113,70,15,183,154
114,70,114,70,15,183,154
117,70,117,70,15,183,154
118,70,118,70,15,183,154
119,70,119,70,15,183,154
122,70,122,70,15,183,154
123,70,123,70,15,183,154
124,70,124,70,15,183,154
125,70,125,70,15,183,154
126,70,126,70,15,183,154
132,70,132,70,15,183,154
8,71,8,71,15,183,154
12,71,12,71,15,183,154
13,71,13,71,15,183,154
14,71,14,71,15,183,154
15,71,15,71,15,183,154
16,71,16,71,15,183,154
17,71,17,71,15,183,154
18,71,18,71,15,183,154
19,71,19,71,15,183,154
20,71,20,71,15,183,154
21,71,21,71,15,183,154
22,71,22,71,15,183,154
50,71,50,71,15,183,154
51,71,51,71,15,183,154
53,71,53,71,15,183,154
55,71,55,71,15,183,154
58,71,58,71,15,183,154
64,71,64,71,15,183,154
66,71,66,71,15,183,154
68,71,68,71,15,183,154
72,71,72,71,15,183,154
74,71,74,71,15,183,154
76,71,76,71,15,183,154
77,71,77,71,15,183,154
80,71,80,71,15,183,154
81,71,81,71,15,183,154
88,71,88,71,15,183,154
91,71,91,71,15,183,154
96,71,96,71,15,183,154
98,71,98,71,15,183,154
100,71,100,71,15,183,154
102,71,102,71,15,183,154
103,71,103,71,15,183,154
105,71,105,71,15,183,154
107,71,107,71,15,183,154
109,71,109,71,15,183,154
110,71,110,71,15,183,154
111,71,111,71,15,183,154
112,71,112,71,15,183,154
113,71,113,71,15,183,154
114,71,114,71,15,183,154
115,71,115,71,15,183,154
118,71,118,71,15,183,154
119,71,119,71,15,183,154
121,71,121,71,15,183,154
123,71,123,71,15,183,154
124,71,124,71,15,183,154
125,71,125,71,15,183,154
126,71,126,71,15,183,154
132,71,132,71,15,183,154
10,72,10,72,15,183,154
12,72,12,72,15,183,154
13,72,13,72,15,183,154
14,72,14,72,15,183,154
15,72,15,72,15,183,154
16,72,16,72,15,183,154
17,72,17,72,15,183,154
18,72,18,72,15,183,154
19,72,19,72,15,183,154
20,72,20,72,15,183,154
21,72,21,72,15,183,154
22,72,22,72,15,183,154
24,72,24,72,15,183,154
51,72,51,72,15,183,154
53,72,53,72,15,183,154
55,72,55,72,15,183,154
57,72,57,72,15,183,154
64,72,64,72,15,183,154
69,72,69,72,15,183,154
70,72,70,72,15,183,154
72,72,72,72,15,183,154
73,72,73,72,15,183,154
75,72,75,72,15,183,154
77,72,77,72,15,183,154
78,72,78,72,15,183,154
79,72,79,72,15,183,154
81,72,81,72,15,183,154
82,72,82,72,15,183,154
83,72,83,72,15,183,154
90,72,90,72,15,183,154
93,72,93,72,15,183,154
94,72,94,72,15,183,154
97,72,97,72,15,183,154
100,72,100,72,15,183,154
103,72,103,72,15,183,154
104,72,104,72,15,183,154
108,72,108,72,15,183,154
110,72,110,72,15,183,154
112,72,112,72,15,183,154
113,72,113,72,15,183,154
114,72,114,72,15,183,154
116,72,116,72,15,183,154
118,72,118,72,15,183,154
119,72,119,72,15,183,154
122,72,122,72,15,183,154
123,72,123,72,15,183,154
124,72,124,72,15,183,154
125,72,125,72,15,183,154
126,72,126,72,15,183,154
127,72,127,72,15,183,154
131,72,131,72,15,183,154
11,73,11,73,15,183,154
12,73,12,73,15,183,154
13,73,13,73,15,183,154
14,73,14,73,15,183,154
15,73,15,73,15,183,154
16,73,16,73,15,183,154
17,73,17,73,15,183,154
18,73,18,73,15,183,154
19,73,19,73,15,183,154
20,73,20,73,15,183,154
21,73,21,73,15,183,154
22,73,22,73,15,183,154
51,73,51,73,15,183,154
56,73,56,73,15,183,154
58,73,58,73,15,183,154
63,73,63,73,15,183,154
65,73,65,73,15,183,154
67,73,67,73,15,183,154
69,73,69,73,15,183,154
70,73,70,73,15,183,154
71,73,71,73,15,183,154
73,73,73,73,15,183,154
79,73,79,73,15,183,154
81,73,81,73,15,183,154
86,73,86,73,15,183,154
91,73,91,73,15,183,154
96,73,96,73,15,183,154
98,73,98,73,15,183,154
100,73,100,73,15,183,154
102,73,102,73,15,183,154
104,73,104,73,15,183,154
108,73,108,73,15,183,154
110,73,110,73,15,183,154
112,73,112,73,15,183,154
113,73,113,73,15,183,154
114,73,114,73,15,183,154
115,73,115,73,15,183,154
117,73,117,73,15,183,154
118,73,118,73,15,183,154
119,73,119,73,15,183,154
121,73,121,73,15,183,154
123,73,123,73,15,183,154
124,73,124,73,15,183,154
125,73,125,73,15,183,154
126,73,126,73,15,183,154
127,73,127,73,15,183,154
131,73,131,73,15,183,154
12,74,12,74,15,183,154
13,74,13,74,15,183,154
14,74,14,74,15,183,154
15,74,15,74,15,183,154
16,74,16,74,15,183,154
17,74,17,74,15,183,154
18,74,18,74,15,183,154
19,74,19,74,15,183,154
20,74,20,74,15,183,154
21,74,21,74,15,183,154
22,74,22,74,15,183,154
50,74,50,74,15,183,154
51,74,51,74,15,183,154
53,74,53,74,15,183,154
55,74,55,74,15,183,154
58,74,58,74,15,183,154
63,74,63,74,15,183,154
65,74,65,74,15,183,154
68,74,68,74,15,183,154
71,74,71,74,15,183,154
73,74,73,74,15,183,154
74,74,74,74,15,183,154
76,74,76,74,15,183,154
78,74,78,74,15,183,154
82,74,82,74,15,183,154
84,74,84,74,15,183,154
86,74,86,74,15,183,154
89,74,89,74,15,183,154
94,74,94,74,15,183,154
97,74,97,74,15,183,154
98,74,98,74,15,183,154
104,74,104,74,15,183,154
106,74,106,74,15,183,154
109,74,109,74,15,183,154
110,74,110,74,15,183,154
112,74,112,74,15,183,154
113,74,113,74,15,183,154
114,74,114,74,15,183,154
115,74,115,74,15,183,154
118,74,118,74,15,183,154
119,74,119,74,15,183,154
122,74,122,74,15,183,154
123,74,123,74,15,183,154
124,74,124,74,15,183,154
125,74,125,74,15,183,154
126,74,126,74,15,183,154
127,74,127,74,15,183,154
131,74,131,74,15,183,154
136,74,136,74,15,183,154
11,75,11,75,15,183,154
13,75,13,75,15,183,154
14,75,14,75,15,183,154
15,75,15,75,15,183,154
16,75,16,75,15,183,154
17,75,17,75,15,183,154
18,75,18,75,15,183,154
19,75,19,75,15,183,154
20,75,20,75,15,183,154
21,75,21,75,15,183,154
22,75,22,75,15,183,154
23,75,23,75,15,183,154
51,75,51,75,15,183,154
53,75,53,75,15,183,154
56,75,56,75,15,183,154
59,75,59,75,15,183,154
61,75,61,75,15,183,154
64,75,64,75,15,183,154
66,75,66,75,15,183,154
69,75,69,75,15,183,154
72,75,72,75,15,183,154
75,75,75,75,15,183,154
80,75,80,75,15,183,154
82,75,82,75,15,183,154
85,75,85,75,15,183,154
89,75,89,75,15,183,154
92,75,92,75,15,183,154
96,75,96,75,15,183,154
99,75,99,75,15,183,154
100,75,100,75,15,183,154
102,75,102,75,15,183,154
108,75,108,75,15,183,154
110,75,110,75,15,183,154
112,75,112,75,15,183,154
113,75,113,75,15,183,154
114,75,114,75,15,183,154
115,75,115,75,15,183,154
117,75,117,75,15,183,154
118,75,118,75,15,183,154
119,75,119,75,15,183,154
121,75,121,75,15,183,154
123,75,123,75,15,183,154
124,75,124,75,15,183,154
125,75,125,75,15,183,154
126,75,126,75,15,183,154
127,75,127,75,15,183,154
132,75,132,75,15,183,154
137,75,137,75,15,183,154
9,76,9,76,15,183,154
11,76,11,76,15,183,154
13,76,13,76,15,183,154
14,76,14,76,15,183,154
15,76,15,76,15,183,154
16,76,16,76,15,183,154
17,76,17,76,15,183,154
18,76,18,76,15,183,154
19,76,19,76,15,183,154
20,76,20,76,15,183,154
21,76,21,76,15,183,154
22,76,22,76,15,183,154
23,76,23,76,15,183,154
51,76,51,76,15,183,154
54,76,54,76,15,183,154
56,76,56,76,15,183,154
58,76,58,76,15,183,154
62,76,62,76,15,183,154
64,76,64,76,15,183,154
65,76,65,76,15,183,154
67,76,67,76,15,183,154
71,76,71,76,15,183,154
73,76,73,76,15,183,154
74,76,74,76,15,183,154
76,76,76,76,15,183,154
96,76,96,76,15,183,154
97,76,97,76,15,183,154
99,76,99,76,15,183,154
102,76,102,76,15,183,154
106,76,106,76,15,183,154
109,76,109,76,15,183,154
110,76,110,76,15,183,154
112,76,112,76,15,183,154
113,76,113,76,15,183,154
114,76,114,76,15,183,154
115,76,115,76,15,183,154
118,76,118,76,15,183,154
119,76,119,76,15,183,154
122,76,122,76,15,183,154
123,76,123,76,15,183,154
124,76,124,76,15,183,154
125,76,125,76,15,183,154
126,76,126,76,15,183,154
127,76,127,76,15,183,154
12,77,12,77,15,183,154
13,77,13,77,15,183,154
14,77,14,77,15,183,154
15,77,15,77,15,183,154
16,77,16,77,15,183,154
17,77,17,77,15,183,154
18,77,18,77,15,183,154
19,77,19,77,15,183,154
20,77,20,77,15,183,154
21,77,21,77,15,183,154
22,77,22,77,15,183,154
23,77,23,77,15,183,154
51,77,51,77,15,183,154
53,77,53,77,15,183,154
57,77,57,77,15,183,154
59,77,59,77,15,183,154
61,77,61,77,15,183,154
64,77,64,77,15,183,154
65,77,65,77,15,183,154
69,77,69,77,15,183,154
72,77,72,77,15,183,154
74,77,74,77,15,183,154
76,77,76,77,15,183,154
84,77,84,77,15,183,154
87,77,87,77,15,183,154
89,77,89,77,15,183,154
93,77,93,77,15,183,154
95,77,95,77,15,183,154
98,77,98,77,15,183,154
100,77,100,77,15,183,154
104,77,104,77,15,183,154
109,77,109,77,15,183,154
110,77,110,77,15,183,154
112,77,112,77,15,183,154
113,77,113,77,15,183,154
114,77,114,77,15,183,154
115,77,115,77,15,183,154
117,77,117,77,15,183,154
118,77,118,77,15,183,154
119,77,119,77,15,183,154
121,77,121,77,15,183,154
123,77,123,77,15,183,154
124,77,124,77,15,183,154
125,77,125,77,15,183,154
126,77,126,77,15,183,154
127,77,127,77,15,183,154
140,77,140,77,15,183,154
10,78,10,78,15,183,154
12,78,12,78,15,183,154
14,78,14,78,15,183,154
15,78,15,78,15,183,154
16,78,16,78,15,183,154
17,78,17,78,15,183,154
18,78,18,78,15,183,154
19,78,19,78,15,183,154
20,78,20,78,15,183,154
21,78,21,78,15,183,154
22,78,22,78,15,183,154
23,78,23,78,15,183,154
51,78,51,78,15,183,154
54,78,54,78,15,183,154
56,78,56,78,15,183,154
62,78,62,78,15,183,154
64,78,64,78,15,183,154
65,78,65,78,15,183,154
67,78,67,78,15,183,154
73,78,73,78,15,183,154
75,78,75,78,15,183,154
77,78,77,78,15,183,154
78,78,78,78,15,183,154
82,78,82,78,15,183,154
88,78,88,78,15,183,154
89,78,89,78,15,183,154
90,78,90,78,15,183,154
91,78,91,78,15,183,154
92,78,92,78,15,183,154
95,78,95,78,15,183,154
97,78,97,78,15,183,154
99,78,99,78,15,183,154
101,78,101,78,15,183,154
105,78,105,78,15,183,154
110,78,110,78,15,183,154
112,78,112,78,15,183,154
113,78,113,78,15,183,154
114,78,114,78,15,183,154
115,78,115,78,15,183,154
118,78,118,78,15,183,154
119,78,119,78,15,183,154
123,78,123,78,15,183,154
124,78,124,78,15,183,154
125,78,125,78,15,183,154
126,78,126,78,15,183,154
127,78,127,78,15,183,154
128,78,128,78,15,183,154
141,78,141,78,15,183,154
13,79,13,79,15,183,154
14,79,14,79,15,183,154
15,79,15,79,15,183,154
16,79,16,79,15,183,154
17,79,17,79,15,183,154
18,79,18,79,15,183,154
19,79,19,79,15,183,154
20,79,20,79,15,183,154
21,79,21,79,15,183,154
22,79,22,79,15,183,154
23,79,23,79,15,183,154
25,79,25,79,15,183,154
51,79,51,79,15,183,154
53,79,53,79,15,183,154
55,79,55,79,15,183,154
58,79,58,79,15,183,154
60,79,60,79,15,183,154
62,79,62,79,15,183,154
64,79,64,79,15,183,154
65,79,65,79,15,183,154
67,79,67,79,15,183,154
71,79,71,79,15,183,154
76,79,76,79,15,183,154
79,79,79,79,15,183,154
80,79,80,79,15,183,154
87,79,87,79,15,183,154
93,79,93,79,15,183,154
94,79,94,79,15,183,154
96,79,96,79,15,183,154
98,79,98,79,15,183,154
102,79,102,79,15,183,154
109,79,109,79,15,183,154
110,79,110,79,15,183,154
112,79,112,79,15,183,154
113,79,113,79,15,183,154
114,79,114,79,15,183,154
115,79,115,79,15,183,154
117,79,117,79,15,183,154
118,79,118,79,15,183,154
119,79,119,79,15,183,154
121,79,121,79,15,183,154
123,79,123,79,15,183,154
124,79,124,79,15,183,154
125,79,125,79,15,183,154
126,79,126,79,15,183,154
127,79,127,79,15,183,154
128,79,128,79,15,183,154
140,79,140,79,15,183,154
11,80,11,80,15,183,154
13,80,13,80,15,183,154
14,80,14,80,15,183,154
15,80,15,80,15,183,154
16,80,16,80,15,183,154
17,80,17,80,15,183,154
18,80,18,80,15,183,154
19,80,19,80,15,183,154
20,80,20,80,15,183,154
21,80,21,80,15,183,154
22,80,22,80,15,183,154
23,80,23,80,15,183,154
56,80,56,80,15,183,154
58,80,58,80,15,183,154
61,80,61,80,15,183,154
64,80,64,80,15,183,154
65,80,65,80,15,183,154
68,80,68,80,15,183,154
72,80,72,80,15,183,154
74,80,74,80,15,183,154
75,80,75,80,15,183,154
77,80,77,80,15,183,154
79,80,79,80,15,183,154
81,80,81,80,15,183,154
82,80,82,80,15,183,154
83,80,83,80,15,183,154
88,80,88,80,15,183,154
90,80,90,80,15,183,154
92,80,92,80,15,183,154
93,80,93,80,15,183,154
95,80,95,80,15,183,154
97,80,97,80,15,183,154
100,80,100,80,15,183,154
110,80,110,80,15,183,154
112,80,112,80,15,183,154
113,80,113,80,15,183,154
118,80,118,80,15,183,154
119,80,119,80,15,183,154
121,80,121,80,15,183,154
123,80,123,80,15,183,154
124,80,124,80,15,183,154
125,80,125,80,15,183,154
126,80,126,80,15,183,154
127,80,127,80,15,183,154
128,80,128,80,15,183,154
137,80,137,80,15,183,154
139,80,139,80,15,183,154
141,80,141,80,15,183,154
143,80,143,80,15,183,154
11,81,11,81,15,183,154
14,81,14,81,15,183,154
15,81,15,81,15,183,154
16,81,16,81,15,183,154
17,81,17,81,15,183,154
18,81,18,81,15,183,154
19,81,19,81,15,183,154
20,81,20,81,15,183,154
21,81,21,81,15,183,154
22,81,22,81,15,183,154
23,81,23,81,15,183,154
24,81,24,81,15,183,154
25,81,25,81,15,183,154
52,81,52,81,15,183,154
59,81,59,81,15,183,154
62,81,62,81,15,183,154
64,81,64,81,15,183,154
65,81,65,81,15,183,154
67,81,67,81,15,183,154
76,81,76,81,15,183,154
80,81,80,81,15,183,154
83,81,83,81,15,183,154
88,81,88,81,15,183,154
91,81,91,81,15,183,154
95,81,95,81,15,183,154
97,81,97,81,15,183,154
99,81,99,81,15,183,154
103,81,103,81,15,183,154
109,81,109,81,15,183,154
110,81,110,81,15,183,154
112,81,112,81,15,183,154
113,81,113,81,15,183,154
115,81,115,81,15,183,154
117,81,117,81,15,183,154
118,81,118,81,15,183,154
119,81,119,81,15,183,154
122,81,122,81,15,183,154
123,81,123,81,15,183,154
124,81,124,81,15,183,154
125,81,125,81,15,183,154
126,81,126,81,15,183,154
127,81,127,81,15,183,154
128,81,128,81,15,183,154
129,81,129,81,15,183,154
138,81,138,81,15,183,154
140,81,140,81,15,183,154
142,81,142,81,15,183,154
11,82,11,82,15,183,154
13,82,13,82,15,183,154
14,82,14,82,15,183,154
15,82,15,82,15,183,154
16,82,16,82,15,183,154
17,82,17,82,15,183,154
18,82,18,82,15,183,154
19,82,19,82,15,183,154
20,82,20,82,15,183,154
21,82,21,82,15,183,154
22,82,22,82,15,183,154
23,82,23,82,15,183,154
25,82,25,82,15,183,154
57,82,57,82,15,183,154
59,82,59,82,15,183,154
60,82,60,82,15,183,154
63,82,63,82,15,183,154
65,82,65,82,15,183,154
68,82,68,82,15,183,154
75,82,75,82,15,183,154
80,82,80,82,15,183,154
85,82,85,82,15,183,154
87,82,87,82,15,183,154
88,82,88,82,15,183,154
90,82,90,82,15,183,154
91,82,91,82,15,183,154
93,82,93,82,15,183,154
94,82,94,82,15,183,154
96,82,96,82,15,183,154
98,82,98,82,15,183,154
99,82,99,82,15,183,154
101,82,101,82,15,183,154
109,82,109,82,15,183,154
110,82,110,82,15,183,154
112,82,112,82,15,183,154
113,82,113,82,15,183,154
115,82,115,82,15,183,154
118,82,118,82,15,183,154
119,82,119,82,15,183,154
121,82,121,82,15,183,154
122,82,122,82,15,183,154
123,82,123,82,15,183,154
124,82,124,82,15,183,154
125,82,125,82,15,183,154
126,82,126,82,15,183,154
127,82,127,82,15,183,154
128,82,128,82,15,183,154
129,82,129,82,15,183,154
130,82,130,82,15,183,154
140,82,140,82,15,183,154
157,82,157,82,15,183,154
12,83,12,83,15,183,154
15,83,15,83,15,183,154
16,83,16,83,15,183,154
17,83,17,83,15,183,154
18,83,18,83,15,183,154
19,83,19,83,15,183,154
20,83,20,83,15,183,154
21,83,21,83,15,183,154
22,83,22,83,15,183,154
23,83,23,83,15,183,154
24,83,24,83,15,183,154
26,83,26,83,15,183,154
58,83,58,83,15,183,154
60,83,60,83,15,183,154
62,83,62,83,15,183,154
64,83,64,83,15,183,154
65,83,65,83,15,183,154
66,83,66,83,15,183,154
68,83,68,83,15,183,154
70,83,70,83,15,183,154
73,83,73,83,15,183,154
81,83,81,83,15,183,154
82,83,82,83,15,183,154
84,83,84,83,15,183,154
85,83,85,83,15,183,154
87,83,87,83,15,183,154
92,83,92,83,15,183,154
95,83,95,83,15,183,154
97,83,97,83,15,183,154
108,83,108,83,15,183,154
110,83,110,83,15,183,154
112,83,112,83,15,183,154
114,83,114,83,15,183,154
116,83,116,83,15,183,154
118,83,118,83,15,183,154
119,83,119,83,15,183,154
121,83,121,83,15,183,154
122,83,122,83,15,183,154
123,83,123,83,15,183,154
124,83,124,83,15,183,154
125,83,125,83,15,183,154
126,83,126,83,15,183,154
127,83,127,83,15,183,154
128,83,128,83,15,183,154
129,83,129,83,15,183,154
130,83,130,83,15,183,154
140,83,140,83,15,183,154
142,83,142,83,15,183,154
13,84,13,84,15,183,154
15,84,15,84,15,183,154
16,84,16,84,15,183,154
17,84,17,84,15,183,154
18,84,18,84,15,183,154
19,84,19,84,15,183,154
20,84,20,84,15,183,154
21,84,21,84,15,183,154
22,84,22,84,15,183,154
23,84,23,84,15,183,154
24,84,24,84,15,183,154
25,84,25,84,15,183,154
26,84,26,84,15,183,154
56,84,56,84,15,183,154
59,84,59,84,15,183,154
61,84,61,84,15,183,154
64,84,64,84,15,183,154
65,84,65,84,15,183,154
68,84,68,84,15,183,154
71,84,71,84,15,183,154
75,84,75,84,15,183,154
78,84,78,84,15,183,154
80,84,80,84,15,183,154
83,84,83,84,15,183,154
88,84,88,84,15,183,154
90,84,90,84,15,183,154
91,84,91,84,15,183,154
93,84,93,84,15,183,154
94,84,94,84,15,183,154
96,84,96,84,15,183,154
110,84,110,84,15,183,154
112,84,112,84,15,183,154
115,84,115,84,15,183,154
118,84,118,84,15,183,154
119,84,119,84,15,183,154
121,84,121,84,15,183,154
122,84,122,84,15,183,154
123,84,123,84,15,183,154
124,84,124,84,15,183,154
125,84,125,84,15,183,154
126,84,126,84,15,183,154
127,84,127,84,15,183,154
128,84,128,84,15,183,154
129,84,129,84,15,183,154
130,84,130,84,15,183,154
140,84,140,84,15,183,154
13,85,13,85,15,183,154
15,85,15,85,15,183,154
16,85,16,85,15,183,154
17,85,17,85,15,183,154
18,85,18,85,15,183,154
19,85,19,85,15,183,154
20,85,20,85,15,183,154
21,85,21,85,15,183,154
22,85,22,85,15,183,154
23,85,23,85,15,183,154
24,85,24,85,15,183,154
25,85,25,85,15,183,154
26,85,26,85,15,183,154
56,85,56,85,15,183,154
58,85,58,85,15,183,154
62,85,62,85,15,183,154
64,85,64,85,15,183,154
65,85,65,85,15,183,154
67,85,67,85,15,183,154
69,85,69,85,15,183,154
72,85,72,85,15,183,154
77,85,77,85,15,183,154
80,85,80,85,15,183,154
81,85,81,85,15,183,154
82,85,82,85,15,183,154
84,85,84,85,15,183,154
85,85,85,85,15,183,154
86,85,86,85,15,183,154
89,85,89,85,15,183,154
92,85,92,85,15,183,154
96,85,96,85,15,183,154
98,85,98,85,15,183,154
109,85,109,85,15,183,154
111,85,111,85,15,183,154
112,85,112,85,15,183,154
114,85,114,85,15,183,154
116,85,116,85,15,183,154
118,85,118,85,15,183,154
119,85,119,85,15,183,154
122,85,122,85,15,183,154
123,85,123,85,15,183,154
124,85,124,85,15,183,154
125,85,125,85,15,183,154
126,85,126,85,15,183,154
127,85,127,85,15,183,154
128,85,128,85,15,183,154
129,85,129,85,15,183,154
130,85,130,85,15,183,154
13,86,13,86,15,183,154
15,86,15,86,15,183,154
16,86,16,86,15,183,154
17,86,17,86,15,183,154
18,86,18,86,15,183,154
19,86,19,86,15,183,154
20,86,20,86,15,183,154
21,86,21,86,15,183,154
22,86,22,86,15,183,154
23,86,23,86,15,183,154
24,86,24,86,15,183,154
25,86,25,86,15,183,154
26,86,26,86,15,183,154
28,86,28,86,15,183,154
57,86,57,86,15,183,154
59,86,59,86,15,183,154
60,86,60,86,15,183,154
63,86,63,86,15,183,154
64,86,64,86,15,183,154
66,86,66,86,15,183,154
69,86,69,86,15,183,154
71,86,71,86,15,183,154
78,86,78,86,15,183,154
82,86,82,86,15,183,154
84,86,84,86,15,183,154
87,86,87,86,15,183,154
91,86,91,86,15,183,154
93,86,93,86,15,183,154
110,86,110,86,15,183,154
112,86,112,86,15,183,154
114,86,114,86,15,183,154
116,86,116,86,15,183,154
118,86,118,86,15,183,154
119,86,119,86,15,183,154
121,86,121,86,15,183,154
122,86,122,86,15,183,154
123,86,123,86,15,183,154
124,86,124,86,15,183,154
125,86,125,86,15,183,154
126,86,126,86,15,183,154
127,86,127,86,15,183,154
129,86,129,86,15,183,154
130,86,130,86,15,183,154
14,87,14,87,15,183,154
16,87,16,87,15,183,154
17,87,17,87,15,183,154
18,87,18,87,15,183,154
19,87,19,87,15,183,154
20,87,20,87,15,183,154
21,87,21,87,15,183,154
22,87,22,87,15,183,154
23,87,23,87,15,183,154
24,87,24,87,15,183,154
25,87,25,87,15,183,154
26,87,26,87,15,183,154
27,87,27,87,15,183,154
56,87,56,87,15,183,154
57,87,57,87,15,183,154
58,87,58,87,15,183,154
61,87,61,87,15,183,154
63,87,63,87,15,183,154
64,87,64,87,15,183,154
67,87,67,87,15,183,154
69,87,69,87,15,183,154
85,87,85,87,15,183,154
88,87,88,87,15,183,154
108,87,108,87,15,183,154
111,87,111,87,15,183,154
113,87,113,87,15,183,154
117,87,117,87,15,183,154
118,87,118,87,15,183,154
120,87,120,87,15,183,154
122,87,122,87,15,183,154
123,87,123,87,15,183,154
124,87,124,87,15,183,154
125,87,125,87,15,183,154
126,87,126,87,15,183,154
127,87,127,87,15,183,154
129,87,129,87,15,183,154
130,87,130,87,15,183,154
15,88,15,88,15,183,154
16,88,16,88,15,183,154
17,88,17,88,15,183,154
18,88,18,88,15,183,154
19,88,19,88,15,183,154
20,88,20,88,15,183,154
21,88,21,88,15,183,154
22,88,22,88,15,183,154
23,88,23,88,15,183,154
24,88,24,88,15,183,154
25,88,25,88,15,183,154
26,88,26,88,15,183,154
27,88,27,88,15,183,154
29,88,29,88,15,183,154
59,88,59,88,15,183,154
63,88,63,88,15,183,154
64,88,64,88,15,183,154
66,88,66,88,15,183,154
70,88,70,88,15,183,154
72,88,72,88,15,183,154
80,88,80,88,15,183,154
89,88,89,88,15,183,154
91,88,91,88,15,183,154
94,88,94,88,15,183,154
97,88,97,88,15,183,154
110,88,110,88,15,183,154
114,88,114,88,15,183,154
116,88,116,88,15,183,154
118,88,118,88,15,183,154
121,88,121,88,15,183,154
122,88,122,88,15,183,154
123,88,123,88,15,183,154
124,88,124,88,15,183,154
125,88,125,88,15,183,154
126,88,126,88,15,183,154
130,88,130,88,15,183,154
14,89,14,89,15,183,154
17,89,17,89,15,183,154
18,89,18,89,15,183,154
19,89,19,89,15,183,154
20,89,20,89,15,183,154
21,89,21,89,15,183,154
22,89,22,89,15,183,154
23,89,23,89,15,183,154
24,89,24,89,15,183,154
25,89,25,89,15,183,154
26,89,26,89,15,183,154
27,89,27,89,15,183,154
29,89,29,89,15,183,154
55,89,55,89,15,183,154
57,89,57,89,15,183,154
59,89,59,89,15,183,154
61,89,61,89,15,183,154
63,89,63,89,15,183,154
64,89,64,89,15,183,154
67,89,67,89,15,183,154
69,89,69,89,15,183,154
72,89,72,89,15,183,154
83,89,83,89,15,183,154
85,89,85,89,15,183,154
101,89,101,89,15,183,154
109,89,109,89,15,183,154
111,89,111,89,15,183,154
112,89,112,89,15,183,154
114,89,114,89,15,183,154
117,89,117,89,15,183,154
119,89,119,89,15,183,154
121,89,121,89,15,183,154
122,89,122,89,15,183,154
123,89,123,89,15,183,154
124,89,124,89,15,183,154
125,89,125,89,15,183,154
126,89,126,89,15,183,154
127,89,127,89,15,183,154
129,89,129,89,15,183,154
130,89,130,89,15,183,154
131,89,131,89,15,183,154
15,90,15,90,15,183,154
17,90,17,90,15,183,154
18,90,18,90,15,183,154
19,90,19,90,15,183,154
20,90,20,90,15,183,154
21,90,21,90,15,183,154
22,90,22,90,15,183,154
23,90,23,90,15,183,154
24,90,24,90,15,183,154
25,90,25,90,15,183,154
26,90,26,90,15,183,154
27,90,27,90,15,183,154
28,90,28,90,15,183,154
30,90,30,90,15,183,154
55,90,55,90,15,183,154
58,90,58,90,15,183,154
60,90,60,90,15,183,154
62,90,62,90,15,183,154
64,90,64,90,15,183,154
66,90,66,90,15,183,154
68,90,68,90,15,183,154
70,90,70,90,15,183,154
73,90,73,90,15,183,154
86,90,86,90,15,183,154
88,90,88,90,15,183,154
90,90,90,90,15,183,154
93,90,93,90,15,183,154
110,90,110,90,15,183,154
113,90,113,90,15,183,154
115,90,115,90,15,183,154
118,90,118,90,15,183,154
120,90,120,90,15,183,154
122,90,122,90,15,183,154
123,90,123,90,15,183,154
124,90,124,90,15,183,154
125,90,125,90,15,183,154
126,90,126,90,15,183,154
128,90,128,90,15,183,154
130,90,130,90,15,183,154
131,90,131,90,15,183,154
15,91,15,91,15,183,154
19,91,19,91,15,183,154
20,91,20,91,15,183,154
21,91,21,91,15,183,154
22,91,22,91,15,183,154
23,91,23,91,15,183,154
24,91,24,91,15,183,154
25,91,25,91,15,183,154
26,91,26,91,15,183,154
27,91,27,91,15,183,154
28,91,28,91,15,183,154
29,91,29,91,15,183,154
55,91,55,91,15,183,154
57,91,57,91,15,183,154
59,91,59,91,15,183,154
61,91,61,91,15,183,154
63,91,63,91,15,183,154
68,91,68,91,15,183,154
71,91,71,91,15,183,154
98,91,98,91,15,183,154
111,91,111,91,15,183,154
114,91,114,91,15,183,154
116,91,116,91,15,183,154
118,91,118,91,15,183,154
121,91,121,91,15,183,154
122,91,122,91,15,183,154
123,91,123,91,15,183,154
124,91,124,91,15,183,154
125,91,125,91,15,183,154
127,91,127,91,15,183,154
129,91,129,91,15,183,154
130,91,130,91,15,183,154
131,91,131,91,15,183,154
16,92,16,92,15,183,154
18,92,18,92,15,183,154
19,92,19,92,15,183,154
20,92,20,92,15,183,154
21,92,21,92,15,183,154
22,92,22,92,15,183,154
23,92,23,92,15,183,154
24,92,24,92,15,183,154
25,92,25,92,15,183,154
26,92,26,92,15,183,154
27,92,27,92,15,183,154
28,92,28,92,15,183,154
29,92,29,92,15,183,154
30,92,30,92,15,183,154
55,92,55,92,15,183,154
59,92,59,92,15,183,154
62,92,62,92,15,183,154
63,92,63,92,15,183,154
65,92,65,92,15,183,154
67,92,67,92,15,183,154
69,92,69,92,15,183,154
72,92,72,92,15,183,154
109,92,109,92,15,183,154
111,92,111,92,15,183,154
112,92,112,92,15,183,154
116,92,116,92,15,183,154
119,92,119,92,15,183,154
121,92,121,92,15,183,154
122,92,122,92,15,183,154
123,92,123,92,15,183,154
124,92,124,92,15,183,154
125,92,125,92,15,183,154
127,92,127,92,15,183,154
128,92,128,92,15,183,154
129,92,129,92,15,183,154
130,92,130,92,15,183,154
131,92,131,92,15,183,154
132,92,132,92,15,183,154
137,92,137,92,15,183,154
16,93,16,93,15,183,154
18,93,18,93,15,183,154
19,93,19,93,15,183,154
20,93,20,93,15,183,154
21,93,21,93,15,183,154
22,93,22,93,15,183,154
23,93,23,93,15,183,154
24,93,24,93,15,183,154
25,93,25,93,15,183,154
26,93,26,93,15,183,154
27,93,27,93,15,183,154
28,93,28,93,15,183,154
29,93,29,93,15,183,154
30,93,30,93,15,183,154
31,93,31,93,15,183,154
54,93,54,93,15,183,154
55,93,55,93,15,183,154
57,93,57,93,15,183,154
60,93,60,93,15,183,154
63,93,63,93,15,183,154
65,93,65,93,15,183,154
68,93,68,93,15,183,154
70,93,70,93,15,183,154
73,93,73,93,15,183,154
111,93,111,93,15,183,154
113,93,113,93,15,183,154
115,93,115,93,15,183,154
117,93,117,93,15,183,154
120,93,120,93,15,183,154
122,93,122,93,15,183,154
123,93,123,93,15,183,154
124,93,124,93,15,183,154
125,93,125,93,15,183,154
128,93,128,93,15,183,154
129,93,129,93,15,183,154
130,93,130,93,15,183,154
131,93,131,93,15,183,154
132,93,132,93,15,183,154
134,93,134,93,15,183,154
138,93,138,93,15,183,154
16,94,16,94,15,183,154
19,94,19,94,15,183,154
20,94,20,94,15,183,154
22,94,22,94,15,183,154
23,94,23,94,15,183,154
24,94,24,94,15,183,154
25,94,25,94,15,183,154
26,94,26,94,15,183,154
27,94,27,94,15,183,154
28,94,28,94,15,183,154
29,94,29,94,15,183,154
30,94,30,94,15,183,154
31,94,31,94,15,183,154
33,94,33,94,15,183,154
54,94,54,94,15,183,154
55,94,55,94,15,183,154
57,94,57,94,15,183,154
59,94,59,94,15,183,154
61,94,61,94,15,183,154
63,94,63,94,15,183,154
66,94,66,94,15,183,154
68,94,68,94,15,183,154
69,94,69,94,15,183,154
110,94,110,94,15,183,154
118,94,118,94,15,183,154
120,94,120,94,15,183,154
122,94,122,94,15,183,154
123,94,123,94,15,183,154
124,94,124,94,15,183,154
125,94,125,94,15,183,154
127,94,127,94,15,183,154
128,94,128,94,15,183,154
129,94,129,94,15,183,154
130,94,130,94,15,183,154
131,94,131,94,15,183,154
132,94,132,94,15,183,154
133,94,133,94,15,183,154
17,95,17,95,15,183,154
20,95,20,95,15,183,154
21,95,21,95,15,183,154
22,95,22,95,15,183,154
23,95,23,95,15,183,154
24,95,24,95,15,183,154
25,95,25,95,15,183,154
26,95,26,95,15,183,154
27,95,27,95,15,183,154
28,95,28,95,15,183,154
29,95,29,95,15,183,154
30,95,30,95,15,183,154
31,95,31,95,15,183,154
32,95,32,95,15,183,154
54,95,54,95,15,183,154
55,95,55,95,15,183,154
58,95,58,95,15,183,154
61,95,61,95,15,183,154
64,95,64,95,15,183,154
65,95,65,95,15,183,154
68,95,68,95,15,183,154
70,95,70,95,15,183,154
93,95,93,95,15,183,154
121,95,121,95,15,183,154
122,95,122,95,15,183,154
123,95,123,95,15,183,154
124,95,124,95,15,183,154
127,95,127,95,15,183,154
128,95,128,95,15,183,154
129,95,129,95,15,183,154
130,95,130,95,15,183,154
131,95,131,95,15,183,154
132,95,132,95,15,183,154
133,95,133,95,15,183,154
134,95,134,95,15,183,154
18,96,18,96,15,183,154
20,96,20,96,15,183,154
21,96,21,96,15,183,154
22,96,22,96,15,183,154
23,96,23,96,15,183,154
24,96,24,96,15,183,154
25,96,25,96,15,183,154
26,96,26,96,15,183,154
27,96,27,96,15,183,154
28,96,28,96,15,183,154
29,96,29,96,15,183,154
30,96,30,96,15,183,154
31,96,31,96,15,183,154
32,96,32,96,15,183,154
33,96,33,96,15,183,154
54,96,54,96,15,183,154
55,96,55,96,15,183,154
57,96,57,96,15,183,154
59,96,59,96,15,183,154
62,96,62,96,15,183,154
66,96,66,96,15,183,154
69,96,69,96,15,183,154
71,96,71,96,15,183,154
122,96,122,96,15,183,154
123,96,123,96,15,183,154
125,96,125,96,15,183,154
127,96,127,96,15,183,154
128,96,128,96,15,183,154
129,96,129,96,15,183,154
130,96,130,96,15,183,154
131,96,131,96,15,183,154
132,96,132,96,15,183,154
133,96,133,96,15,183,154
134,96,134,96,15,183,154
135,96,135,96,15,183,154
136,96,136,96,15,183,154
137,96,137,96,15,183,154
139,96,139,96,15,183,154
141,96,141,96,15,183,154
154,96,154,96,15,183,154
156,96,156,96,15,183,154
18,97,18,97,15,183,154
21,97,21,97,15,183,154
23,97,23,97,15,183,154
24,97,24,97,15,183,154
25,97,25,97,15,183,154
26,97,26,97,15,183,154
27,97,27,97,15,183,154
28,97,28,97,15,183,154
29,97,29,97,15,183,154
30,97,30,97,15,183,154
31,97,31,97,15,183,154
32,97,32,97,15,183,154
33,97,33,97,15,183,154
34,97,34,97,15,183,154
54,97,54,97,15,183,154
55,97,55,97,15,183,154
58,97,58,97,15,183,154
62,97,62,97,15,183,154
64,97,64,97,15,183,154
66,97,66,97,15,183,154
68,97,68,97,15,183,154
70,97,70,97,15,183,154
90,97,90,97,15,183,154
124,97,124,97,15,183,154
126,97,126,97,15,183,154
127,97,127,97,15,183,154
128,97,128,97,15,183,154
129,97,129,97,15,183,154
130,97,130,97,15,183,154
131,97,131,97,15,183,154
132,97,132,97,15,183,154
133,97,133,97,15,183,154
134,97,134,97,15,183,154
135,97,135,97,15,183,154
136,97,136,97,15,183,154
137,97,137,97,15,183,154
138,97,138,97,15,183,154
139,97,139,97,15,183,154
140,97,140,97,15,183,154
152,97,152,97,15,183,154
154,97,154,97,15,183,154
156,97,156,97,15,183,154
19,98,19,98,15,183,154
21,98,21,98,15,183,154
22,98,22,98,15,183,154
23,98,23,98,15,183,154
24,98,24,98,15,183,154
25,98,25,98,15,183,154
26,98,26,98,15,183,154
27,98,27,98,15,183,154
28,98,28,98,15,183,154
29,98,29,98,15,183,154
30,98,30,98,15,183,154
31,98,31,98,15,183,154
32,98,32,98,15,183,154
33,98,33,98,15,183,154
34,98,34,98,15,183,154
54,98,54,98,15,183,154
55,98,55,98,15,183,154
56,98,56,98,15,183,154
59,98,59,98,15,183,154
63,98,63,98,15,183,154
68,98,68,98,15,183,154
70,98,70,98,15,183,154
71,98,71,98,15,183,154
124,98,124,98,15,183,154
125,98,125,98,15,183,154
126,98,126,98,15,183,154
127,98,127,98,15,183,154
128,98,128,98,15,183,154
129,98,129,98,15,183,154
130,98,130,98,15,183,154
131,98,131,98,15,183,154
132,98,132,98,15,183,154
133,98,133,98,15,183,154
134,98,134,98,15,183,154
135,98,135,98,15,183,154
136,98,136,98,15,183,154
137,98,137,98,15,183,154
138,98,138,98,15,183,154
139,98,139,98,15,183,154
140,98,140,98,15,183,154
141,98,141,98,15,183,154
152,98,152,98,15,183,154
156,98,156,98,15,183,154
158,98,158,98,15,183,154
17,99,17,99,15,183,154
20,99,20,99,15,183,154
23,99,23,99,15,183,154
24,99,24,99,15,183,154
25,99,25,99,15,183,154
26,99,26,99,15,183,154
27,99,27,99,15,183,154
28,99,28,99,15,183,154
29,99,29,99,15,183,154
30,99,30,99,15,183,154
31,99,31,99,15,183,154
32,99,32,99,15,183,154
33,99,33,99,15,183,154
34,99,34,99,15,183,154
35,99,35,99,15,183,154
37,99,37,99,15,183,154
54,99,54,99,15,183,154
57,99,57,99,15,183,154
59,99,59,99,15,183,154
64,99,64,99,15,183,154
66,99,66,99,15,183,154
69,99,69,99,15,183,154
71,99,71,99,15,183,154
73,99,73,99,15,183,154
130,99,130,99,15,183,154
131,99,131,99,15,183,154
132,99,132,99,15,183,154
133,99,133,99,15,183,154
134,99,134,99,15,183,154
135,99,135,99,15,183,154
136,99,136,99,15,183,154
137,99,137,99,15,183,154
138,99,138,99,15,183,154
139,99,139,99,15,183,154
158,99,158,99,15,183,154
18,100,18,100,15,183,154
21,100,21,100,15,183,154
23,100,23,100,15,183,154
24,100,24,100,15,183,154
25,100,25,100,15,183,154
26,100,26,100,15,183,154
27,100,27,100,15,183,154
28,100,28,100,15,183,154
30,100,30,100,15,183,154
31,100,31,100,15,183,154
33,100,33,100,15,183,154
34,100,34,100,15,183,154
35,100,35,100,15,183,154
36,100,36,100,15,183,154
38,100,38,100,15,183,154
54,100,54,100,15,183,154
56,100,56,100,15,183,154
58,100,58,100,15,183,154
60,100,60,100,15,183,154
62,100,62,100,15,183,154
64,100,64,100,15,183,154
67,100,67,100,15,183,154
70,100,70,100,15,183,154
72,100,72,100,15,183,154
131,100,131,100,15,183,154
132,100,132,100,15,183,154
133,100,133,100,15,183,154
134,100,134,100,15,183,154
135,100,135,100,15,183,154
136,100,136,100,15,183,154
137,100,137,100,15,183,154
138,100,138,100,15,183,154
157,100,157,100,15,183,154
159,100,159,100,15,183,154
19,101,19,101,15,183,154
21,101,21,101,15,183,154
24,101,24,101,15,183,154
25,101,25,101,15,183,154
26,101,26,101,15,183,154
27,101,27,101,15,183,154
28,101,28,101,15,183,154
29,101,29,101,15,183,154
30,101,30,101,15,183,154
31,101,31,101,15,183,154
32,101,32,101,15,183,154
33,101,33,101,15,183,154
34,101,34,101,15,183,154
35,101,35,101,15,183,154
36,101,36,101,15,183,154
37,101,37,101,15,183,154
39,101,39,101,15,183,154
54,101,54,101,15,183,154
57,101,57,101,15,183,154
59,101,59,101,15,183,154
61,101,61,101,15,183,154
63,101,63,101,15,183,154
65,101,65,101,15,183,154
67,101,67,101,15,183,154
69,101,69,101,15,183,154
73,101,73,101,15,183,154
75,101,75,101,15,183,154
132,101,132,101,15,183,154
133,101,133,101,15,183,154
134,101,134,101,15,183,154
135,101,135,101,15,183,154
136,101,136,101,15,183,154
160,101,160,101,15,183,154
22,102,22,102,15,183,154
24,102,24,102,15,183,154
25,102,25,102,15,183,154
26,102,26,102,15,183,154
27,102,27,102,15,183,154
28,102,28,102,15,183,154
29,102,29,102,15,183,154
30,102,30,102,15,183,154
31,102,31,102,15,183,154
32,102,32,102,15,183,154
33,102,33,102,15,183,154
34,102,34,102,15,183,154
35,102,35,102,15,183,154
36,102,36,102,15,183,154
37,102,37,102,15,183,154
38,102,38,102,15,183,154
54,102,54,102,15,183,154
56,102,56,102,15,183,154
62,102,62,102,15,183,154
65,102,65,102,15,183,154
70,102,70,102,15,183,154
72,102,72,102,15,183,154
133,102,133,102,15,183,154
134,102,134,102,15,183,154
135,102,135,102,15,183,154
137,102,137,102,15,183,154
161,102,161,102,15,183,154
22,103,22,103,15,183,154
24,103,24,103,15,183,154
26,103,26,103,15,183,154
27,103,27,103,15,183,154
28,103,28,103,15,183,154
29,103,29,103,15,183,154
30,103,30,103,15,183,154
31,103,31,103,15,183,154
32,103,32,103,15,183,154
33,103,33,103,15,183,154
34,103,34,103,15,183,154
35,103,35,103,15,183,154
36,103,36,103,15,183,154
37,103,37,103,15,183,154
38,103,38,103,15,183,154
40,103,40,103,15,183,154
54,103,54,103,15,183,154
56,103,56,103,15,183,154
58,103,58,103,15,183,154
60,103,60,103,15,183,154
63,103,63,103,15,183,154
66,103,66,103,15,183,154
68,103,68,103,15,183,154
71,103,71,103,15,183,154
73,103,73,103,15,183,154
75,103,75,103,15,183,154
160,103,160,103,15,183,154
21,104,21,104,15,183,154
23,104,23,104,15,183,154
25,104,25,104,15,183,154
27,104,27,104,15,183,154
28,104,28,104,15,183,154
29,104,29,104,15,183,154
30,104,30,104,15,183,154
31,104,31,104,15,183,154
32,104,32,104,15,183,154
33,104,33,104,15,183,154
34,104,34,104,15,183,154
35,104,35,104,15,183,154
37,104,37,104,15,183,154
38,104,38,104,15,183,154
40,104,40,104,15,183,154
42,104,42,104,15,183,154
54,104,54,104,15,183,154
55,104,55,104,15,183,154
57,104,57,104,15,183,154
59,104,59,104,15,183,154
61,104,61,104,15,183,154
63,104,63,104,15,183,154
65,104,65,104,15,183,154
67,104,67,104,15,183,154
69,104,69,104,15,183,154
73,104,73,104,15,183,154
160,104,160,104,15,183,154
162,104,162,104,15,183,154
24,105,24,105,15,183,154
26,105,26,105,15,183,154
28,105,28,105,15,183,154
29,105,29,105,15,183,154
30,105,30,105,15,183,154
31,105,31,105,15,183,154
33,105,33,105,15,183,154
34,105,34,105,15,183,154
35,105,35,105,15,183,154
36,105,36,105,15,183,154
37,105,37,105,15,183,154
38,105,38,105,15,183,154
39,105,39,105,15,183,154
40,105,40,105,15,183,154
42,105,42,105,15,183,154
55,105,55,105,15,183,154
58,105,58,105,15,183,154
60,105,60,105,15,183,154
62,105,62,105,15,183,154
64,105,64,105,15,183,154
68,105,68,105,15,183,154
70,105,70,105,15,183,154
72,105,72,105,15,183,154
163,105,163,105,15,183,154
26,106,26,106,15,183,154
28,106,28,106,15,183,154
29,106,29,106,15,183,154
30,106,30,106,15,183,154
31,106,31,106,15,183,154
32,106,32,106,15,183,154
33,106,33,106,15,183,154
34,106,34,106,15,183,154
35,106,35,106,15,183,154
36,106,36,106,15,183,154
37,106,37,106,15,183,154
38,106,38,106,15,183,154
39,106,39,106,15,183,154
40,106,40,106,15,183,154
41,106,41,106,15,183,154
43,106,43,106,15,183,154
55,106,55,106,15,183,154
57,106,57,106,15,183,154
63,106,63,106,15,183,154
65,106,65,106,15,183,154
67,106,67,106,15,183,154
69,106,69,106,15,183,154
71,106,71,106,15,183,154
23,107,23,107,15,183,154
25,107,25,107,15,183,154
27,107,27,107,15,183,154
29,107,29,107,15,183,154
30,107,30,107,15,183,154
31,107,31,107,15,183,154
32,107,32,107,15,183,154
33,107,33,107,15,183,154
34,107,34,107,15,183,154
35,107,35,107,15,183,154
36,107,36,107,15,183,154
37,107,37,107,15,183,154
38,107,38,107,15,183,154
39,107,39,107,15,183,154
40,107,40,107,15,183,154
41,107,41,107,15,183,154
43,107,43,107,15,183,154
56,107,56,107,15,183,154
58,107,58,107,15,183,154
60,107,60,107,15,183,154
62,107,62,107,15,183,154
64,107,64,107,15,183,154
66,107,66,107,15,183,154
68,107,68,107,15,183,154
70,107,70,107,15,183,154
27,108,27,108,15,183,154
29,108,29,108,15,183,154
30,108,30,108,15,183,154
31,108,31,108,15,183,154
32,108,32,108,15,183,154
33,108,33,108,15,183,154
34,108,34,108,15,183,154
35,108,35,108,15,183,154
36,108,36,108,15,183,154
37,108,37,108,15,183,154
38,108,38,108,15,183,154
39,108,39,108,15,183,154
41,108,41,108,15,183,154
42,108,42,108,15,183,154
43,108,43,108,15,183,154
44,108,44,108,15,183,154
45,108,45,108,15,183,154
47,108,47,108,15,183,154
57,108,57,108,15,183,154
59,108,59,108,15,183,154
62,108,62,108,15,183,154
65,108,65,108,15,183,154
67,108,67,108,15,183,154
26,109,26,109,15,183,154
28,109,28,109,15,183,154
32,109,32,109,15,183,154
33,109,33,109,15,183,154
34,109,34,109,15,183,154
35,109,35,109,15,183,154
36,109,36,109,15,183,154
37,109,37,109,15,183,154
38,109,38,109,15,183,154
39,109,39,109,15,183,154
40,109,40,109,15,183,154
41,109,41,109,15,183,154
42,109,42,109,15,183,154
43,109,43,109,15,183,154
44,109,44,109,15,183,154
45,109,45,109,15,183,154
46,109,46,109,15,183,154
48,109,48,109,15,183,154
58,109,58,109,15,183,154
61,109,61,109,15,183,154
63,109,63,109,15,183,154
65,109,65,109,15,183,154
29,110,29,110,15,183,154
31,110,31,110,15,183,154
33,110,33,110,15,183,154
34,110,34,110,15,183,154
35,110,35,110,15,183,154
36,110,36,110,15,183,154
37,110,37,110,15,183,154
38,110,38,110,15,183,154
39,110,39,110,15,183,154
40,110,40,110,15,183,154
41,110,41,110,15,183,154
42,110,42,110,15,183,154
43,110,43,110,15,183,154
44,110,44,110,15,183,154
46,110,46,110,15,183,154
47,110,47,110,15,183,154
49,110,49,110,15,183,154
59,110,59,110,15,183,154
64,110,64,110,15,183,154
27,111,27,111,15,183,154
32,111,32,111,15,183,154
34,111,34,111,15,183,154
36,111,36,111,15,183,154
37,111,37,111,15,183,154
38,111,38,111,15,183,154
40,111,40,111,15,183,154
41,111,41,111,15,183,154
42,111,42,111,15,183,154
44,111,44,111,15,183,154
45,111,45,111,15,183,154
46,111,46,111,15,183,154
47,111,47,111,15,183,154
48,111,48,111,15,183,154
50,111,50,111,15,183,154
60,111,60,111,15,183,154
61,111,61,111,15,183,154
28,112,28,112,15,183,154
30,112,30,112,15,183,154
32,112,32,112,15,183,154
34,112,34,112,15,183,154
36,112,36,112,15,183,154
37,112,37,112,15,183,154
38,112,38,112,15,183,154
39,112,39,112,15,183,154
40,112,40,112,15,183,154
41,112,41,112,15,183,154
43,112,43,112,15,183,154
44,112,44,112,15,183,154
45,112,45,112,15,183,154
46,112,46,112,15,183,154
47,112,47,112,15,183,154
49,112,49,112,15,183,154
51,112,51,112,15,183,154
58,112,58,112,15,183,154
62,112,62,112,15,183,154
33,113,33,113,15,183,154
35,113,35,113,15,183,154
37,113,37,113,15,183,154
38,113,38,113,15,183,154
40,113,40,113,15,183,154
41,113,41,113,15,183,154
42,113,42,113,15,183,154
43,113,43,113,15,183,154
44,113,44,113,15,183,154
45,113,45,113,15,183,154
46,113,46,113,15,183,154
47,113,47,113,15,183,154
49,113,49,113,15,183,154
51,113,51,113,15,183,154
56,113,56,113,15,183,154
58,113,58,113,15,183,154
60,113,60,113,15,183,154
35,114,35,114,15,183,154
38,114,38,114,15,183,154
39,114,39,114,15,183,154
41,114,41,114,15,183,154
43,114,43,114,15,183,154
45,114,45,114,15,183,154
46,114,46,114,15,183,154
47,114,47,114,15,183,154
52,114,52,114,15,183,154
56,114,56,114,15,183,154
35,115,35,115,15,183,154
37,115,37,115,15,183,154
40,115,40,115,15,183,154
41,115,41,115,15,183,154
42,115,42,115,15,183,154
43,115,43,115,15,183,154
44,115,44,115,15,183,154
45,115,45,115,15,183,154
47,115,47,115,15,183,154
48,115,48,115,15,183,154
53,115,53,115,15,183,154
55,115,55,115,15,183,154
134,115,134,115,15,183,154
33,116,33,116,15,183,154
37,116,37,116,15,183,154
39,116,39,116,15,183,154
44,116,44,116,15,183,154
45,116,45,116,15,183,154
46,116,46,116,15,183,154
47,116,47,116,15,183,154
48,116,48,116,15,183,154
49,116,49,116,15,183,154
38,117,38,117,15,183,154
40,117,40,117,15,183,154
42,117,42,117,15,183,154
47,117,47,117,15,183,154
48,117,48,117,15,183,154
49,117,49,117,15,183,154
38,118,38,118,15,183,154
40,118,40,118,15,183,154
42,118,42,118,15,183,154
43,118,43,118,15,183,154
45,118,45,118,15,183,154
47,118,47,118,15,183,154
49,118,49,118,15,183,154
50,118,50,118,15,183,154
41,119,41,119,15,183,154
44,119,44,119,15,183,154
46,119,46,119,15,183,154
48,119,48,119,15,183,154
50,119,50,119,15,183,154
47,120,47,120,15,183,154
49,120,49,120,15,183,154
127,120,127,120,15,183,154
135,120,135,120,15,183,154
45,121,45,121,15,183,154
128,121,128,121,15,183,154
131,121,131,121,15,183,154
46,122,46,122,15,183,154
48,122,48,122,15,183,154
127,122,127,122,15,183,154
127,123,127,123,15,183,154
124,124,124,124,15,183,154
123,125,123,125,15,183,154
125,125,125,125,15,183,154
116,126,116,126,15,183,154
123,126,123,126,15,183,154
116,127,116,127,15,183,154
117,128,117,128,15,183,154
120,128,120,128,15,183,154
123,128,123,128,15,183,154
120,129,120,129,15,183,154
120,130,120,130,15,183,154
122,130,122,130,15,183,154
111,134,111,134,15,183,154
111,135,111,135,15,183,154
134,136,134,136,15,183,154
136,136,136,136,15,183,154
110,137,110,137,15,183,154
134,137,134,137,15,183,154
19,138,19,138,15,183,154
133,138,133,138,15,183,154
136,138,136,138,15,183,154
20,139,20,139,15,183,154
18,140,18,140,15,183,154
21,140,21,140,15,183,154
23,140,23,140,15,183,154
26,140,26,140,15,183,154
108,140,108,140,15,183,154
133,140,133,140,15,183,154
135,140,135,140,15,183,154
16,141,16,141,15,183,154
19,141,19,141,15,183,154
22,141,22,141,15,183,154
24,141,24,141,15,183,154
109,141,109,141,15,183,154
135,141,135,141,15,183,154
14,142,14,142,15,183,154
17,142,17,142,15,183,154
19,142,19,142,15,183,154
21,142,21,142,15,183,154
24,142,24,142,15,183,154
26,142,26,142,15,183,154
109,142,109,142,15,183,154
17,143,17,143,15,183,154
18,143,18,143,15,183,154
20,143,20,143,15,183,154
22,143,22,143,15,183,154
25,143,25,143,15,183,154
132,143,132,143,15,183,154
134,143,134,143,15,183,154
23,144,23,144,15,183,154
17,145,17,145,15,183,154
19,145,19,145,15,183,154
21,145,21,145,15,183,154
23,145,23,145,15,183,154
24,145,24,145,15,183,154
135,145,135,145,15,183,154
18,146,18,146,15,183,154
20,146,20,146,15,183,154
25,146,25,146,15,183,154
135,146,135,146,15,183,154
17,147,17,147,15,183,154
19,147,19,147,15,183,154
24,147,24,147,15,183,154
18,148,18,148,15,183,154
21,148,21,148,15,183,154
